return_id,date,product_id,customer_id,quantity,return_reason,return_amount,refund_processed
RETURN20240001,2024-07-03,P02,C06,3,duplicate,91.58,False
RETURN20240002,2024-11-16,P06,C05,15,other,189.76,False
RETURN20240003,2024-06-18,P04,C05,14,shipping_damage,473.12,True
RETURN20240004,2024-10-23,P05,C06,11,quality_issue,196.47,False
RETURN20240005,2024-10-17,P03,C03,4,duplicate,247.25,True
RETURN20240006,2024-08-26,P06,C02,17,other,320.2,True
RETURN20240007,2024-06-04,P04,C03,3,quality_issue,114.36,True
RETURN20240008,2024-05-24,P05,C01,2,quality_issue,33.31,True
RETURN20240009,2024-01-26,P03,C02,12,other,604.36,True
RETURN20240010,2024-02-14,P06,C03,5,changed_mind,84.37,True
RETURN20240011,2024-05-28,P02,C01,16,changed_mind,644.25,False
RETURN20240012,2024-08-04,P04,C01,9,other,303.22,False
RETURN20240013,2024-12-13,P03,C05,5,changed_mind,163.02,False
RETURN20240014,2024-10-10,P02,C03,10,other,367.65,False
RETURN20240015,2024-10-06,P02,C04,14,other,351.96,False
RETURN20240016,2024-09-14,P06,C06,12,duplicate,189.17,False
RETURN20240017,2024-08-24,P01,C05,1,duplicate,18.78,True
RETURN20240018,2024-11-10,P03,C02,19,changed_mind,860.38,False
RETURN20240019,2024-01-28,P04,C02,13,duplicate,645.63,False
RETURN20240020,2024-01-28,P01,C01,9,quality_issue,223.84,True
RETURN20240021,2024-05-28,P05,C04,11,quality_issue,256.28,True
RETURN20240022,2024-12-25,P02,C05,5,duplicate,97.85,True
RETURN20240023,2024-06-03,P06,C03,1,other,20.33,True
RETURN20240024,2024-02-04,P01,C02,20,other,374.83,True
RETURN20240025,2024-02-23,P04,C01,17,quality_issue,875.35,False
RETURN20240026,2024-07-26,P04,C02,8,other,250.91,False
RETURN20240027,2024-12-02,P05,C01,14,quality_issue,165.4,True
RETURN20240028,2024-03-28,P05,C06,18,duplicate,243.98,True
RETURN20240029,2024-10-28,P04,C03,9,quality_issue,319.66,False
RETURN20240030,2024-03-16,P01,C03,15,duplicate,211.68,False
RETURN20240031,2024-01-18,P06,C06,20,shipping_damage,459.77,False
RETURN20240032,2024-08-22,P03,C01,6,other,174.87,False
RETURN20240033,2024-09-19,P01,C02,5,other,113.91,True
RETURN20240034,2024-05-22,P06,C03,13,duplicate,172.53,False
RETURN20240035,2024-11-06,P06,C02,19,other,404.93,False
RETURN20240036,2024-03-07,P06,C03,19,shipping_damage,365.24,False
RETURN20240037,2024-02-04,P01,C01,6,quality_issue,156.04,False
RETURN20240038,2024-06-14,P02,C06,8,changed_mind,256.91,False
RETURN20240039,2024-08-03,P01,C01,20,quality_issue,687.17,True
RETURN20240040,2024-08-14,P03,C05,1,shipping_damage,28.4,False
RETURN20240041,2024-07-12,P02,C06,19,changed_mind,429.99,False
RETURN20240042,2024-12-13,P03,C02,7,duplicate,383.92,True
RETURN20240043,2024-02-14,P05,C01,4,changed_mind,91.03,False
RETURN20240044,2024-07-27,P05,C05,3,other,51.58,True
RETURN20240045,2024-10-19,P04,C05,12,other,578.09,True
RETURN20240046,2024-08-12,P04,C06,13,other,323.34,False
RETURN20240047,2024-02-21,P01,C04,8,other,169.45,True
RETURN20240048,2024-05-28,P03,C04,12,changed_mind,636.08,True
RETURN20240049,2024-09-30,P05,C02,17,other,272.93,True
RETURN20240050,2024-10-06,P06,C01,19,shipping_damage,352.14,True
RETURN20240051,2024-06-22,P04,C03,7,quality_issue,170.75,False
RETURN20240052,2024-12-05,P01,C02,16,other,550.22,True
RETURN20240053,2024-06-26,P01,C04,20,quality_issue,779.2,False
RETURN20240054,2024-03-07,P03,C06,2,duplicate,75.47,False
RETURN20240055,2024-08-08,P04,C03,8,quality_issue,154.63,True
RETURN20240056,2024-09-30,P05,C04,1,quality_issue,16.16,False
RETURN20240057,2024-12-22,P02,C04,14,quality_issue,385.23,False
RETURN20240058,2024-06-29,P02,C03,14,changed_mind,331.34,True
RETURN20240059,2024-04-26,P04,C06,18,quality_issue,917.26,True
RETURN20240060,2024-01-30,P01,C01,5,shipping_damage,79.46,False
RETURN20240061,2024-11-04,P06,C02,10,duplicate,148.57,True
RETURN20240062,2024-12-02,P01,C01,9,changed_mind,267.91,False
RETURN20240063,2024-04-22,P04,C06,10,other,331.52,True
RETURN20240064,2024-09-26,P03,C03,18,quality_issue,630.89,False
RETURN20240065,2024-12-27,P05,C04,9,changed_mind,192.44,True
RETURN20240066,2024-06-05,P06,C05,7,changed_mind,61.21,True
RETURN20240067,2024-12-23,P04,C06,15,quality_issue,613.47,True
RETURN20240068,2024-05-18,P03,C05,13,quality_issue,304.66,False
RETURN20240069,2024-09-10,P01,C04,13,changed_mind,258.88,True
RETURN20240070,2024-12-03,P04,C05,2,quality_issue,80.41,False
RETURN20240071,2024-01-14,P05,C03,9,other,126.44,True
RETURN20240072,2024-06-23,P06,C05,14,quality_issue,314.53,False
RETURN20240073,2024-12-13,P03,C05,15,other,748.23,False
RETURN20240074,2024-03-24,P04,C04,8,quality_issue,222.73,False
RETURN20240075,2024-02-13,P02,C05,10,duplicate,162.19,False
RETURN20240076,2024-07-04,P03,C06,9,other,215.43,False
RETURN20240077,2024-10-18,P06,C03,9,duplicate,152.16,False
RETURN20240078,2024-01-05,P04,C01,12,other,333.58,True
RETURN20240079,2024-10-23,P01,C03,20,quality_issue,525.47,False
RETURN20240080,2024-05-21,P03,C04,5,changed_mind,130.64,True
RETURN20240081,2024-04-29,P01,C06,2,other,68.41,False
RETURN20240082,2024-01-22,P05,C06,8,shipping_damage,186.22,True
RETURN20240083,2024-12-13,P03,C05,2,shipping_damage,53.53,False
RETURN20240084,2024-02-27,P05,C01,8,other,118.44,False
RETURN20240085,2024-02-06,P06,C04,10,shipping_damage,166.72,False
RETURN20240086,2024-06-20,P04,C06,12,shipping_damage,497.44,True
RETURN20240087,2024-07-07,P01,C03,5,quality_issue,95.53,True
RETURN20240088,2024-06-09,P05,C06,17,shipping_damage,448.15,False
RETURN20240089,2024-10-25,P01,C06,5,quality_issue,189.74,True
RETURN20240090,2024-10-16,P05,C05,18,other,406.91,True
RETURN20240091,2024-11-06,P04,C06,17,shipping_damage,506.29,False
RETURN20240092,2024-05-04,P03,C02,12,shipping_damage,566.38,True
RETURN20240093,2024-12-20,P02,C04,14,shipping_damage,414.69,True
RETURN20240094,2024-07-04,P06,C04,20,duplicate,233.54,True
RETURN20240095,2024-10-02,P02,C04,19,other,443.3,False
RETURN20240096,2024-06-23,P03,C01,3,other,172.53,False
RETURN20240097,2024-11-19,P02,C02,15,quality_issue,362.22,False
RETURN20240098,2024-02-21,P02,C01,14,changed_mind,528.67,True
RETURN20240099,2024-09-20,P05,C04,14,duplicate,285.58,True
RETURN20240100,2024-12-30,P03,C01,11,shipping_damage,523.48,True
RETURN20240101,2024-01-24,P01,C06,12,duplicate,402.4,False
RETURN20240102,2024-05-28,P04,C06,5,other,270.8,True
RETURN20240103,2024-03-18,P01,C05,19,duplicate,453.0,False
RETURN20240104,2024-03-31,P05,C06,19,quality_issue,244.86,False
RETURN20240105,2024-06-23,P01,C05,17,other,508.32,False
RETURN20240106,2024-05-26,P03,C04,11,changed_mind,274.71,True
RETURN20240107,2024-08-08,P05,C03,19,shipping_damage,231.64,False
RETURN20240108,2024-03-25,P01,C03,9,changed_mind,333.25,False
RETURN20240109,2024-05-12,P05,C01,8,changed_mind,93.2,True
RETURN20240110,2024-01-15,P05,C01,18,changed_mind,178.24,True
RETURN20240111,2024-07-08,P02,C03,19,duplicate,550.83,False
RETURN20240112,2024-05-31,P01,C06,4,duplicate,108.09,True
RETURN20240113,2024-03-11,P03,C06,4,quality_issue,217.59,True
RETURN20240114,2024-02-08,P03,C02,17,duplicate,748.57,True
RETURN20240115,2024-12-27,P06,C03,2,other,26.93,True
RETURN20240116,2024-11-20,P06,C01,8,duplicate,162.46,True
RETURN20240117,2024-12-10,P02,C03,16,changed_mind,521.05,False
RETURN20240118,2024-03-08,P02,C06,3,changed_mind,51.78,True
RETURN20240119,2024-09-08,P05,C05,7,quality_issue,120.31,False
RETURN20240120,2024-11-10,P04,C06,19,shipping_damage,665.69,True
RETURN20240121,2024-06-02,P02,C03,16,duplicate,502.11,False
RETURN20240122,2024-05-31,P01,C02,4,shipping_damage,111.38,False
RETURN20240123,2024-06-15,P02,C06,14,duplicate,528.0,True
RETURN20240124,2024-06-26,P06,C04,5,duplicate,112.97,False
RETURN20240125,2024-11-03,P04,C06,8,shipping_damage,273.86,False
RETURN20240126,2024-02-01,P05,C03,9,duplicate,149.6,False
RETURN20240127,2024-08-05,P04,C03,2,changed_mind,61.17,True
RETURN20240128,2024-06-06,P04,C04,8,changed_mind,314.63,True
RETURN20240129,2024-11-10,P05,C03,5,quality_issue,128.21,True
RETURN20240130,2024-07-13,P01,C06,11,other,197.46,True
RETURN20240131,2024-09-22,P02,C03,18,changed_mind,638.55,False
RETURN20240132,2024-04-27,P03,C02,12,changed_mind,494.66,True
RETURN20240133,2024-01-07,P01,C01,17,duplicate,544.2,True
RETURN20240134,2024-03-21,P03,C03,1,changed_mind,22.18,True
RETURN20240135,2024-07-12,P06,C04,5,shipping_damage,115.66,True
RETURN20240136,2024-02-07,P05,C06,14,other,247.04,True
RETURN20240137,2024-02-18,P06,C05,13,other,264.94,False
RETURN20240138,2024-08-05,P05,C06,1,duplicate,12.49,False
RETURN20240139,2024-12-01,P05,C04,13,quality_issue,165.93,False
RETURN20240140,2024-10-14,P03,C04,10,other,442.82,False
RETURN20240141,2024-01-09,P04,C06,13,other,635.84,False
RETURN20240142,2024-04-24,P05,C01,13,duplicate,215.32,True
RETURN20240143,2024-11-25,P03,C03,5,quality_issue,136.62,True
RETURN20240144,2024-04-16,P04,C05,8,duplicate,304.46,False
RETURN20240145,2024-09-24,P06,C05,8,duplicate,92.45,False
RETURN20240146,2024-06-21,P02,C01,11,other,301.62,True
RETURN20240147,2024-05-17,P06,C02,18,other,311.83,True
RETURN20240148,2024-06-13,P04,C06,16,quality_issue,832.99,False
RETURN20240149,2024-12-24,P01,C04,5,changed_mind,147.15,True
RETURN20240150,2024-03-26,P02,C04,4,duplicate,104.39,False
RETURN20240151,2024-03-12,P06,C05,14,shipping_damage,146.43,False
RETURN20240152,2024-12-12,P03,C05,11,shipping_damage,484.58,True
RETURN20240153,2024-03-13,P03,C05,7,shipping_damage,307.48,False
RETURN20240154,2024-08-29,P04,C02,11,changed_mind,311.38,False
RETURN20240155,2024-01-06,P03,C04,6,quality_issue,328.98,True
RETURN20240156,2024-06-08,P06,C02,7,other,114.5,True
RETURN20240157,2024-02-01,P05,C04,20,shipping_damage,373.05,True
RETURN20240158,2024-06-25,P06,C01,7,duplicate,117.77,False
RETURN20240159,2024-07-07,P05,C04,9,changed_mind,99.98,True
RETURN20240160,2024-02-22,P06,C02,9,other,87.97,False
RETURN20240161,2024-06-18,P05,C05,20,other,392.68,False
RETURN20240162,2024-04-17,P02,C01,8,quality_issue,352.62,True
RETURN20240163,2024-03-14,P02,C04,1,quality_issue,18.66,False
RETURN20240164,2024-08-05,P06,C04,11,quality_issue,132.14,False
RETURN20240165,2024-07-12,P04,C06,16,other,486.15,True
RETURN20240166,2024-11-05,P02,C02,9,duplicate,285.75,False
RETURN20240167,2024-12-21,P03,C06,4,duplicate,187.46,True
RETURN20240168,2024-01-13,P03,C04,12,changed_mind,565.03,True
RETURN20240169,2024-07-14,P03,C02,1,shipping_damage,39.13,True
RETURN20240170,2024-10-27,P03,C03,4,shipping_damage,176.63,True
RETURN20240171,2024-11-06,P03,C01,9,duplicate,220.5,False
RETURN20240172,2024-05-20,P06,C01,19,duplicate,480.61,False
RETURN20240173,2024-09-08,P02,C04,18,quality_issue,486.27,True
RETURN20240174,2024-12-27,P06,C02,5,quality_issue,44.72,True
RETURN20240175,2024-06-09,P01,C05,9,changed_mind,309.64,True
RETURN20240176,2024-06-19,P06,C03,6,other,127.57,False
RETURN20240177,2024-09-21,P01,C06,13,quality_issue,212.45,True
RETURN20240178,2024-05-16,P01,C02,15,other,272.17,False
RETURN20240179,2024-03-29,P06,C06,1,other,13.61,False
RETURN20240180,2024-08-26,P05,C06,3,duplicate,33.89,True
RETURN20240181,2024-04-03,P06,C01,6,quality_issue,117.52,True
RETURN20240182,2024-04-21,P06,C03,15,changed_mind,185.59,True
RETURN20240183,2024-03-08,P03,C01,13,changed_mind,440.19,False
RETURN20240184,2024-07-30,P02,C02,9,changed_mind,401.73,False
RETURN20240185,2024-12-23,P04,C03,3,other,98.45,False
RETURN20240186,2024-11-19,P06,C02,2,other,31.96,True
RETURN20240187,2024-12-25,P04,C03,10,other,370.0,False
RETURN20240188,2024-02-16,P05,C02,9,shipping_damage,86.88,True
RETURN20240189,2024-09-21,P06,C06,6,duplicate,105.4,False
RETURN20240190,2024-10-15,P04,C06,19,shipping_damage,911.44,False
RETURN20240191,2024-01-05,P02,C04,16,quality_issue,319.66,False
RETURN20240192,2024-06-05,P02,C04,18,quality_issue,460.11,False
RETURN20240193,2024-10-30,P05,C06,14,duplicate,340.28,False
RETURN20240194,2024-07-10,P05,C03,16,shipping_damage,171.85,True
RETURN20240195,2024-09-16,P01,C04,14,other,369.39,True
RETURN20240196,2024-03-24,P05,C02,10,other,139.35,True
RETURN20240197,2024-03-07,P06,C03,2,shipping_damage,45.34,True
RETURN20240198,2024-06-26,P04,C04,6,changed_mind,162.59,True
RETURN20240199,2024-06-03,P03,C01,6,changed_mind,217.97,True
RETURN20240200,2024-03-19,P06,C05,12,changed_mind,151.93,False
RETURN20240201,2024-10-08,P06,C04,7,duplicate,161.34,True
RETURN20240202,2024-02-19,P04,C02,11,changed_mind,395.08,False
RETURN20240203,2024-05-24,P06,C06,14,other,142.59,False
RETURN20240204,2024-12-08,P06,C05,1,other,10.93,True
RETURN20240205,2024-07-07,P03,C03,17,other,803.04,False
RETURN20240206,2024-02-09,P06,C02,5,quality_issue,60.34,False
RETURN20240207,2024-02-17,P03,C04,6,shipping_damage,199.26,False
RETURN20240208,2024-01-18,P03,C04,6,other,296.97,False
RETURN20240209,2024-02-12,P03,C06,4,duplicate,214.2,True
RETURN20240210,2024-03-23,P03,C02,19,duplicate,430.55,False
RETURN20240211,2024-08-04,P01,C03,14,quality_issue,400.86,False
RETURN20240212,2024-09-14,P03,C04,11,shipping_damage,309.59,True
RETURN20240213,2024-08-05,P05,C04,3,shipping_damage,69.98,False
RETURN20240214,2024-04-11,P05,C05,15,duplicate,211.47,True
RETURN20240215,2024-09-07,P04,C03,2,shipping_damage,62.7,False
RETURN20240216,2024-12-11,P03,C01,18,shipping_damage,607.62,True
RETURN20240217,2024-08-16,P03,C03,2,shipping_damage,100.45,False
RETURN20240218,2024-05-07,P02,C01,18,changed_mind,535.32,False
RETURN20240219,2024-05-20,P03,C04,20,other,820.83,True
RETURN20240220,2024-02-09,P03,C03,2,quality_issue,67.53,True
RETURN20240221,2024-06-21,P06,C06,10,quality_issue,114.8,False
RETURN20240222,2024-11-30,P06,C01,14,changed_mind,266.53,False
RETURN20240223,2024-11-11,P05,C05,8,quality_issue,131.17,False
RETURN20240224,2024-04-20,P04,C03,6,quality_issue,235.64,True
RETURN20240225,2024-12-13,P03,C03,1,quality_issue,50.19,True
RETURN20240226,2024-05-20,P03,C04,20,shipping_damage,545.84,True
RETURN20240227,2024-01-10,P06,C03,8,shipping_damage,144.26,False
RETURN20240228,2024-10-28,P04,C06,20,duplicate,708.96,True
RETURN20240229,2024-06-24,P03,C03,12,changed_mind,501.93,False
RETURN20240230,2024-04-17,P05,C06,6,shipping_damage,100.86,True
RETURN20240231,2024-11-19,P04,C05,12,other,363.79,False
RETURN20240232,2024-06-10,P04,C06,15,other,549.47,False
RETURN20240233,2024-10-16,P04,C04,1,shipping_damage,41.45,False
RETURN20240234,2024-04-30,P04,C05,5,quality_issue,116.03,True
RETURN20240235,2024-04-18,P01,C05,10,changed_mind,319.69,False
RETURN20240236,2024-10-08,P04,C03,7,other,206.51,False
RETURN20240237,2024-11-18,P01,C06,11,other,272.92,False
RETURN20240238,2024-09-10,P04,C03,15,changed_mind,476.78,True
RETURN20240239,2024-09-29,P03,C04,6,quality_issue,226.31,False
RETURN20240240,2024-08-02,P04,C02,1,changed_mind,42.26,True
RETURN20240241,2024-11-02,P05,C06,14,shipping_damage,298.83,True
RETURN20240242,2024-10-18,P06,C04,3,quality_issue,65.35,False
RETURN20240243,2024-10-09,P05,C02,6,changed_mind,74.71,True
RETURN20240244,2024-06-14,P02,C03,3,changed_mind,100.05,False
RETURN20240245,2024-05-05,P06,C05,15,changed_mind,385.31,True
RETURN20240246,2024-11-05,P03,C02,8,quality_issue,178.28,True
RETURN20240247,2024-12-15,P06,C04,17,duplicate,186.32,False
RETURN20240248,2024-05-13,P06,C05,4,other,77.41,True
RETURN20240249,2024-08-12,P04,C06,2,duplicate,93.45,True
RETURN20240250,2024-07-05,P04,C06,17,duplicate,612.14,True
RETURN20240251,2024-02-23,P02,C03,19,quality_issue,692.78,False
RETURN20240252,2024-07-30,P06,C03,5,duplicate,65.23,True
RETURN20240253,2024-06-17,P06,C06,3,duplicate,59.85,False
RETURN20240254,2024-06-24,P03,C06,15,duplicate,696.83,False
RETURN20240255,2024-10-31,P01,C02,5,quality_issue,103.05,False
RETURN20240256,2024-10-15,P03,C06,10,changed_mind,415.32,False
RETURN20240257,2024-08-31,P06,C04,10,changed_mind,103.37,False
RETURN20240258,2024-07-15,P03,C06,8,changed_mind,317.18,True
RETURN20240259,2024-10-26,P01,C03,12,other,315.04,True
RETURN20240260,2024-06-25,P06,C02,19,shipping_damage,339.87,False
RETURN20240261,2024-09-05,P06,C02,17,duplicate,377.23,True
RETURN20240262,2024-12-08,P01,C03,8,changed_mind,144.27,True
RETURN20240263,2024-11-28,P02,C03,16,quality_issue,599.87,True
RETURN20240264,2024-04-13,P03,C06,2,quality_issue,112.52,True
RETURN20240265,2024-05-18,P05,C05,18,quality_issue,327.94,True
RETURN20240266,2024-05-05,P03,C06,6,changed_mind,190.87,False
RETURN20240267,2024-03-31,P01,C05,9,quality_issue,305.28,True
RETURN20240268,2024-03-08,P05,C03,2,changed_mind,36.17,False
RETURN20240269,2024-08-25,P01,C05,2,quality_issue,38.37,True
RETURN20240270,2024-08-14,P01,C04,7,other,131.19,False
RETURN20240271,2024-06-02,P05,C01,19,quality_issue,400.58,False
RETURN20240272,2024-11-25,P02,C05,20,quality_issue,470.02,False
RETURN20240273,2024-11-03,P03,C04,6,duplicate,238.87,False
RETURN20240274,2024-05-15,P05,C02,11,other,187.73,False
RETURN20240275,2024-02-27,P02,C04,1,other,27.08,True
RETURN20240276,2024-04-01,P01,C04,10,duplicate,216.46,True
RETURN20240277,2024-04-09,P01,C02,7,shipping_damage,154.77,False
RETURN20240278,2024-02-22,P06,C03,20,changed_mind,258.89,True
RETURN20240279,2024-07-21,P02,C02,20,shipping_damage,843.84,False
RETURN20240280,2024-11-30,P05,C04,9,shipping_damage,147.82,False
RETURN20240281,2024-07-08,P02,C03,11,shipping_damage,316.84,False
RETURN20240282,2024-10-15,P04,C04,1,duplicate,23.54,False
RETURN20240283,2024-06-30,P06,C02,15,quality_issue,333.41,True
RETURN20240284,2024-04-16,P06,C06,9,shipping_damage,80.07,False
RETURN20240285,2024-07-14,P03,C05,18,changed_mind,849.65,False
RETURN20240286,2024-05-20,P01,C01,8,duplicate,287.3,False
RETURN20240287,2024-01-24,P06,C04,16,other,268.17,True
RETURN20240288,2024-02-21,P01,C06,11,shipping_damage,272.64,False
RETURN20240289,2024-02-26,P04,C02,3,duplicate,140.7,True
RETURN20240290,2024-10-28,P03,C05,7,duplicate,221.62,False
RETURN20240291,2024-10-12,P05,C03,1,quality_issue,22.11,False
RETURN20240292,2024-07-03,P04,C06,7,duplicate,185.22,False
RETURN20240293,2024-06-19,P02,C06,9,quality_issue,166.33,False
RETURN20240294,2024-08-06,P04,C04,2,quality_issue,110.11,False
RETURN20240295,2024-01-09,P05,C04,2,shipping_damage,49.18,False
RETURN20240296,2024-05-24,P05,C03,3,other,35.22,True
RETURN20240297,2024-09-29,P02,C05,3,duplicate,96.7,True
RETURN20240298,2024-02-07,P06,C04,9,changed_mind,166.25,True
RETURN20240299,2024-04-03,P06,C05,11,duplicate,241.46,False
RETURN20240300,2024-10-21,P03,C01,20,quality_issue,479.88,False
RETURN20240301,2024-08-06,P02,C03,8,shipping_damage,241.81,True
RETURN20240302,2024-10-21,P03,C06,19,changed_mind,527.34,True
RETURN20240303,2024-02-21,P01,C05,20,quality_issue,750.9,False
RETURN20240304,2024-02-05,P03,C03,8,changed_mind,275.72,False
RETURN20240305,2024-05-18,P02,C02,12,duplicate,206.25,False
RETURN20240306,2024-01-14,P04,C06,7,duplicate,242.15,True
RETURN20240307,2024-04-15,P04,C05,4,changed_mind,138.76,True
RETURN20240308,2024-03-24,P02,C01,16,shipping_damage,594.15,False
RETURN20240309,2024-07-31,P02,C02,3,shipping_damage,89.98,True
RETURN20240310,2024-08-21,P01,C01,13,duplicate,538.2,True
RETURN20240311,2024-06-30,P03,C03,3,shipping_damage,90.85,True
RETURN20240312,2024-11-29,P06,C04,16,shipping_damage,285.81,False
RETURN20240313,2024-01-24,P02,C02,6,changed_mind,178.46,True
RETURN20240314,2024-12-21,P04,C01,2,changed_mind,102.01,False
RETURN20240315,2024-07-09,P05,C04,6,changed_mind,146.92,True
RETURN20240316,2024-12-08,P02,C03,4,quality_issue,121.85,False
RETURN20240317,2024-07-25,P06,C03,9,quality_issue,189.7,False
RETURN20240318,2024-01-15,P04,C01,5,quality_issue,210.51,True
RETURN20240319,2024-03-21,P01,C01,12,quality_issue,330.2,True
RETURN20240320,2024-02-27,P04,C04,14,other,532.46,True
RETURN20240321,2024-06-08,P04,C04,9,other,274.5,True
RETURN20240322,2024-09-01,P04,C06,19,changed_mind,678.86,True
RETURN20240323,2024-04-25,P06,C01,4,shipping_damage,92.32,True
RETURN20240324,2024-05-07,P02,C03,6,shipping_damage,152.99,False
RETURN20240325,2024-12-08,P05,C05,17,shipping_damage,380.29,True
RETURN20240326,2024-06-16,P04,C03,5,quality_issue,233.64,False
RETURN20240327,2024-11-19,P01,C02,6,quality_issue,194.36,True
RETURN20240328,2024-03-23,P04,C03,1,duplicate,50.46,True
RETURN20240329,2024-11-17,P05,C04,15,duplicate,326.02,False
RETURN20240330,2024-03-01,P06,C03,17,shipping_damage,437.99,True
RETURN20240331,2024-05-10,P03,C04,18,quality_issue,837.12,False
RETURN20240332,2024-09-22,P03,C01,12,quality_issue,684.54,True
RETURN20240333,2024-02-18,P02,C04,4,shipping_damage,70.47,False
RETURN20240334,2024-06-06,P04,C04,18,quality_issue,1055.29,True
RETURN20240335,2024-07-22,P05,C02,5,changed_mind,119.03,True
RETURN20240336,2024-06-30,P05,C05,5,other,92.28,False
RETURN20240337,2024-10-03,P02,C06,17,changed_mind,291.61,True
RETURN20240338,2024-11-21,P06,C05,8,changed_mind,145.08,False
RETURN20240339,2024-04-13,P03,C01,13,other,725.36,False
RETURN20240340,2024-08-27,P03,C02,10,shipping_damage,435.71,False
RETURN20240341,2024-04-16,P06,C05,20,quality_issue,440.19,True
RETURN20240342,2024-03-14,P04,C02,8,changed_mind,332.78,False
RETURN20240343,2024-10-29,P02,C02,12,shipping_damage,213.21,False
RETURN20240344,2024-03-04,P06,C06,19,changed_mind,247.99,True
RETURN20240345,2024-12-10,P03,C03,1,other,34.63,True
RETURN20240346,2024-11-17,P05,C04,8,shipping_damage,190.24,False
RETURN20240347,2024-03-19,P01,C06,11,quality_issue,290.11,False
RETURN20240348,2024-02-27,P06,C04,14,duplicate,287.71,True
RETURN20240349,2024-09-24,P01,C01,20,shipping_damage,459.23,False
RETURN20240350,2024-12-25,P04,C04,2,shipping_damage,101.16,False
RETURN20240351,2024-05-08,P06,C05,11,shipping_damage,254.87,True
RETURN20240352,2024-01-07,P01,C06,16,duplicate,311.59,False
RETURN20240353,2024-12-06,P03,C01,16,other,584.7,False
RETURN20240354,2024-01-22,P05,C01,19,quality_issue,386.33,True
RETURN20240355,2024-05-02,P03,C05,20,duplicate,960.28,True
RETURN20240356,2024-06-26,P06,C04,15,other,144.28,False
RETURN20240357,2024-11-17,P06,C04,1,changed_mind,8.76,False
RETURN20240358,2024-02-20,P03,C04,1,shipping_damage,37.09,False
RETURN20240359,2024-06-29,P02,C03,15,shipping_damage,440.31,False
RETURN20240360,2024-03-23,P02,C05,18,duplicate,658.41,True
RETURN20240361,2024-09-12,P01,C03,12,changed_mind,281.31,False
RETURN20240362,2024-02-21,P06,C01,13,duplicate,230.72,False
RETURN20240363,2024-04-13,P03,C06,16,duplicate,859.04,True
RETURN20240364,2024-03-27,P03,C01,4,shipping_damage,209.46,False
RETURN20240365,2024-10-13,P05,C02,13,quality_issue,172.17,True
RETURN20240366,2024-12-30,P05,C06,13,changed_mind,296.65,False
RETURN20240367,2024-07-22,P02,C04,4,shipping_damage,136.2,True
RETURN20240368,2024-06-14,P02,C04,2,changed_mind,63.16,False
RETURN20240369,2024-01-14,P04,C02,8,changed_mind,269.55,True
RETURN20240370,2024-03-15,P01,C03,8,other,236.74,False
RETURN20240371,2024-07-31,P05,C05,19,changed_mind,418.23,False
RETURN20240372,2024-11-17,P05,C04,9,shipping_damage,213.08,False
RETURN20240373,2024-08-08,P03,C03,8,shipping_damage,193.2,True
RETURN20240374,2024-06-13,P06,C02,18,quality_issue,430.0,False
RETURN20240375,2024-10-01,P03,C01,20,shipping_damage,921.93,True
RETURN20240376,2024-08-26,P03,C05,2,duplicate,80.54,False
RETURN20240377,2024-02-03,P02,C01,18,quality_issue,699.5,False
RETURN20240378,2024-12-27,P02,C01,12,shipping_damage,336.44,True
RETURN20240379,2024-12-31,P05,C04,14,changed_mind,374.45,True
RETURN20240380,2024-12-04,P04,C03,18,shipping_damage,594.12,False
RETURN20240381,2024-03-14,P05,C06,19,quality_issue,465.58,True
RETURN20240382,2024-12-30,P03,C05,4,quality_issue,189.52,False
RETURN20240383,2024-03-23,P06,C02,8,changed_mind,187.25,True
RETURN20240384,2024-11-28,P04,C06,4,quality_issue,203.95,False
RETURN20240385,2024-07-27,P04,C06,16,shipping_damage,396.6,False
RETURN20240386,2024-06-30,P02,C06,14,duplicate,273.09,False
RETURN20240387,2024-07-24,P02,C02,12,quality_issue,324.76,True
RETURN20240388,2024-09-25,P03,C01,20,other,444.93,False
RETURN20240389,2024-02-18,P02,C01,17,shipping_damage,396.61,True
RETURN20240390,2024-10-17,P05,C03,3,changed_mind,65.57,False
RETURN20240391,2024-04-03,P05,C02,12,changed_mind,214.43,True
RETURN20240392,2024-08-13,P06,C02,17,duplicate,148.2,True
RETURN20240393,2024-10-02,P01,C03,10,changed_mind,274.14,True
RETURN20240394,2024-02-21,P04,C02,20,other,965.87,False
RETURN20240395,2024-12-03,P05,C04,15,other,176.07,True
RETURN20240396,2024-07-06,P02,C02,16,duplicate,252.67,True
RETURN20240397,2024-09-02,P06,C06,19,other,179.61,False
RETURN20240398,2024-09-26,P05,C05,18,other,364.09,False
RETURN20240399,2024-06-13,P02,C04,7,duplicate,176.89,False
RETURN20240400,2024-02-12,P04,C01,16,other,545.08,False
RETURN20240401,2024-06-05,P04,C03,2,quality_issue,54.08,True
RETURN20240402,2024-06-06,P05,C06,19,shipping_damage,415.75,True
RETURN20240403,2024-01-25,P03,C04,7,other,163.97,False
RETURN20240404,2024-09-17,P05,C02,17,quality_issue,405.29,True
RETURN20240405,2024-08-22,P02,C02,11,changed_mind,289.25,True
RETURN20240406,2024-01-24,P04,C02,4,quality_issue,222.78,False
RETURN20240407,2024-03-31,P04,C02,12,duplicate,286.08,True
RETURN20240408,2024-11-02,P02,C05,9,duplicate,325.6,False
RETURN20240409,2024-04-14,P06,C06,9,quality_issue,133.53,False
RETURN20240410,2024-07-12,P03,C02,16,quality_issue,690.3,False
RETURN20240411,2024-01-22,P06,C04,5,changed_mind,51.5,True
RETURN20240412,2024-02-29,P02,C04,3,shipping_damage,56.6,False
RETURN20240413,2024-12-14,P06,C06,13,shipping_damage,163.71,False
RETURN20240414,2024-02-25,P01,C04,7,other,275.87,True
RETURN20240415,2024-03-06,P05,C01,16,quality_issue,213.87,False
RETURN20240416,2024-04-04,P01,C06,3,other,69.04,True
RETURN20240417,2024-08-14,P05,C01,17,changed_mind,397.01,False
RETURN20240418,2024-01-23,P05,C01,5,shipping_damage,119.36,False
RETURN20240419,2024-08-24,P02,C06,2,changed_mind,79.44,True
RETURN20240420,2024-04-25,P02,C06,7,duplicate,111.13,False
RETURN20240421,2024-02-05,P02,C05,17,changed_mind,317.65,False
RETURN20240422,2024-01-30,P01,C06,3,other,45.47,True
RETURN20240423,2024-06-13,P03,C01,5,changed_mind,121.09,True
RETURN20240424,2024-10-15,P01,C04,19,changed_mind,597.7,True
RETURN20240425,2024-10-15,P05,C01,1,duplicate,25.64,False
RETURN20240426,2024-05-24,P06,C05,13,changed_mind,245.58,False
RETURN20240427,2024-06-25,P06,C04,16,changed_mind,271.95,False
RETURN20240428,2024-04-24,P02,C03,6,duplicate,275.19,True
RETURN20240429,2024-07-07,P06,C01,14,changed_mind,141.99,False
RETURN20240430,2024-12-29,P05,C02,13,shipping_damage,157.42,False
RETURN20240431,2024-08-03,P04,C04,15,duplicate,538.28,False
RETURN20240432,2024-06-15,P06,C04,5,changed_mind,65.73,True
RETURN20240433,2024-10-18,P02,C06,20,duplicate,586.34,False
RETURN20240434,2024-07-10,P06,C03,7,duplicate,72.21,False
RETURN20240435,2024-06-02,P05,C04,2,shipping_damage,35.07,True
RETURN20240436,2024-12-03,P04,C05,14,duplicate,278.98,True
RETURN20240437,2024-07-16,P05,C06,6,other,127.06,False
RETURN20240438,2024-10-21,P02,C02,14,changed_mind,519.7,True
RETURN20240439,2024-09-06,P03,C05,20,quality_issue,950.15,True
RETURN20240440,2024-02-13,P01,C01,2,quality_issue,44.12,False
RETURN20240441,2024-04-13,P06,C02,7,quality_issue,96.4,False
RETURN20240442,2024-10-25,P04,C04,11,shipping_damage,352.86,True
RETURN20240443,2024-03-18,P02,C04,4,other,106.7,False
RETURN20240444,2024-12-24,P03,C06,8,changed_mind,489.26,True
RETURN20240445,2024-01-21,P02,C04,16,changed_mind,560.34,False
RETURN20240446,2024-08-13,P05,C05,6,quality_issue,151.02,False
RETURN20240447,2024-06-22,P01,C03,3,other,63.14,False
RETURN20240448,2024-03-17,P01,C06,7,shipping_damage,170.54,True
RETURN20240449,2024-06-30,P05,C04,1,other,16.89,True
RETURN20240450,2024-07-05,P03,C02,17,other,904.61,True
RETURN20240451,2024-09-07,P03,C02,2,shipping_damage,65.78,False
RETURN20240452,2024-06-21,P01,C03,15,shipping_damage,445.4,True
RETURN20240453,2024-11-15,P01,C06,19,duplicate,343.24,False
RETURN20240454,2024-07-13,P04,C01,9,shipping_damage,308.62,False
RETURN20240455,2024-07-27,P06,C03,5,shipping_damage,93.3,False
RETURN20240456,2024-05-24,P03,C01,15,quality_issue,845.37,False
RETURN20240457,2024-09-17,P01,C01,5,quality_issue,111.8,True
RETURN20240458,2024-07-10,P01,C02,19,quality_issue,737.03,True
RETURN20240459,2024-01-07,P06,C03,20,other,333.43,False
RETURN20240460,2024-11-19,P03,C06,4,quality_issue,197.36,True
RETURN20240461,2024-02-11,P02,C01,3,changed_mind,57.47,True
RETURN20240462,2024-07-17,P03,C06,17,changed_mind,772.3,False
RETURN20240463,2024-11-05,P06,C02,16,other,333.89,True
RETURN20240464,2024-08-14,P02,C05,1,changed_mind,20.76,True
RETURN20240465,2024-12-24,P01,C06,3,shipping_damage,95.36,True
RETURN20240466,2024-03-24,P04,C06,19,duplicate,688.36,False
RETURN20240467,2024-04-21,P04,C03,12,other,260.27,False
RETURN20240468,2024-05-24,P02,C01,2,shipping_damage,71.99,True
RETURN20240469,2024-11-13,P04,C01,15,quality_issue,424.22,False
RETURN20240470,2024-12-23,P06,C05,3,shipping_damage,47.54,False
RETURN20240471,2024-07-08,P04,C03,16,changed_mind,435.28,True
RETURN20240472,2024-01-22,P06,C03,14,duplicate,191.15,False
RETURN20240473,2024-08-25,P04,C04,5,duplicate,161.51,True
RETURN20240474,2024-03-12,P03,C04,5,quality_issue,187.51,True
RETURN20240475,2024-03-18,P05,C02,7,duplicate,111.74,False
RETURN20240476,2024-06-21,P02,C01,16,shipping_damage,587.56,False
RETURN20240477,2024-04-26,P02,C04,20,duplicate,567.75,True
RETURN20240478,2024-09-06,P06,C01,12,quality_issue,302.79,False
RETURN20240479,2024-11-07,P03,C02,8,duplicate,417.03,False
RETURN20240480,2024-09-08,P01,C03,6,shipping_damage,186.36,False
RETURN20240481,2024-11-09,P01,C05,5,shipping_damage,166.54,True
RETURN20240482,2024-07-08,P05,C04,3,shipping_damage,44.66,True
RETURN20240483,2024-06-16,P06,C02,11,duplicate,232.99,False
RETURN20240484,2024-10-22,P03,C06,7,shipping_damage,386.59,True
RETURN20240485,2024-12-28,P05,C05,8,changed_mind,149.92,False
RETURN20240486,2024-01-10,P03,C05,4,changed_mind,176.9,True
RETURN20240487,2024-09-27,P04,C04,20,shipping_damage,491.63,False
RETURN20240488,2024-04-08,P03,C06,5,quality_issue,193.23,True
RETURN20240489,2024-11-20,P01,C03,12,duplicate,371.13,False
RETURN20240490,2024-06-12,P04,C03,20,changed_mind,1046.47,True
RETURN20240491,2024-11-01,P05,C01,10,changed_mind,190.51,False
RETURN20240492,2024-05-07,P04,C04,1,changed_mind,24.37,True
RETURN20240493,2024-01-15,P06,C06,14,duplicate,262.37,True
RETURN20240494,2024-08-16,P06,C04,18,duplicate,338.77,True
RETURN20240495,2024-05-20,P04,C03,7,duplicate,220.07,True
RETURN20240496,2024-06-14,P01,C01,2,other,57.8,True
RETURN20240497,2024-06-10,P06,C04,18,duplicate,302.04,False
RETURN20240498,2024-04-01,P03,C05,2,shipping_damage,88.73,True
RETURN20240499,2024-09-18,P01,C06,5,quality_issue,92.41,True
RETURN20240500,2024-09-24,P02,C06,8,shipping_damage,303.24,False
RETURN20240501,2024-02-11,P04,C03,3,other,67.69,False
RETURN20240502,2024-11-24,P04,C06,5,quality_issue,243.65,False
RETURN20240503,2024-03-22,P01,C03,8,other,118.31,True
RETURN20240504,2024-09-02,P01,C01,8,changed_mind,326.89,True
RETURN20240505,2024-09-13,P03,C03,13,duplicate,313.11,False
RETURN20240506,2024-09-09,P01,C06,14,quality_issue,282.79,True
RETURN20240507,2024-04-16,P02,C05,16,quality_issue,447.35,False
RETURN20240508,2024-09-17,P02,C04,7,quality_issue,259.05,False
RETURN20240509,2024-05-16,P05,C03,17,changed_mind,364.62,False
RETURN20240510,2024-06-20,P02,C03,9,shipping_damage,243.12,False
RETURN20240511,2024-11-04,P06,C06,17,changed_mind,209.18,True
RETURN20240512,2024-07-17,P01,C06,7,other,219.68,False
RETURN20240513,2024-12-19,P06,C02,19,shipping_damage,319.76,True
RETURN20240514,2024-10-17,P03,C02,17,quality_issue,464.62,True
RETURN20240515,2024-06-19,P02,C04,13,duplicate,564.41,True
RETURN20240516,2024-09-08,P04,C05,20,changed_mind,442.66,True
RETURN20240517,2024-01-01,P01,C05,2,shipping_damage,81.96,False
RETURN20240518,2024-08-15,P04,C06,19,quality_issue,462.82,True
RETURN20240519,2024-11-26,P02,C04,12,duplicate,361.41,False
RETURN20240520,2024-01-18,P01,C03,5,changed_mind,85.75,True
RETURN20240521,2024-08-31,P02,C01,4,changed_mind,101.63,False
RETURN20240522,2024-05-18,P01,C06,19,changed_mind,385.7,False
RETURN20240523,2024-12-13,P04,C01,2,duplicate,69.06,True
RETURN20240524,2024-10-22,P01,C06,3,shipping_damage,107.25,False
RETURN20240525,2024-04-13,P03,C01,9,changed_mind,303.75,False
RETURN20240526,2024-01-01,P06,C01,19,duplicate,349.52,False
RETURN20240527,2024-04-28,P06,C06,2,quality_issue,34.12,False
RETURN20240528,2024-08-29,P05,C02,12,shipping_damage,265.99,True
RETURN20240529,2024-06-13,P06,C06,12,other,175.49,False
RETURN20240530,2024-06-26,P03,C02,16,duplicate,588.49,False
RETURN20240531,2024-02-14,P05,C03,5,shipping_damage,97.51,False
RETURN20240532,2024-10-03,P06,C02,2,changed_mind,34.55,True
RETURN20240533,2024-10-20,P02,C02,13,duplicate,463.03,True
RETURN20240534,2024-09-23,P01,C05,1,other,30.06,True
RETURN20240535,2024-04-26,P06,C06,11,shipping_damage,217.45,False
RETURN20240536,2024-10-07,P04,C05,13,shipping_damage,565.17,True
RETURN20240537,2024-04-25,P06,C06,15,changed_mind,273.45,True
RETURN20240538,2024-09-10,P02,C01,10,duplicate,224.76,True
RETURN20240539,2024-10-04,P06,C01,7,quality_issue,84.38,True
RETURN20240540,2024-04-05,P06,C01,3,quality_issue,43.35,False
RETURN20240541,2024-12-04,P04,C01,20,duplicate,638.79,False
RETURN20240542,2024-08-07,P05,C05,16,other,170.87,False
RETURN20240543,2024-01-17,P04,C03,12,duplicate,542.23,False
RETURN20240544,2024-10-02,P01,C04,19,shipping_damage,753.38,False
RETURN20240545,2024-01-14,P04,C01,16,quality_issue,617.29,True
RETURN20240546,2024-02-12,P02,C06,4,shipping_damage,87.55,False
RETURN20240547,2024-01-18,P03,C03,18,duplicate,573.97,False
RETURN20240548,2024-02-18,P01,C06,5,quality_issue,195.49,False
RETURN20240549,2024-02-05,P05,C02,15,other,229.31,True
RETURN20240550,2024-05-09,P05,C01,17,duplicate,245.6,True
RETURN20240551,2024-01-21,P03,C05,11,changed_mind,629.05,True
RETURN20240552,2024-04-11,P04,C04,8,changed_mind,337.64,True
RETURN20240553,2024-06-03,P02,C02,11,other,447.91,True
RETURN20240554,2024-12-31,P04,C06,4,changed_mind,91.95,True
RETURN20240555,2024-08-12,P04,C03,14,other,646.9,False
RETURN20240556,2024-11-21,P05,C01,14,shipping_damage,233.79,False
RETURN20240557,2024-02-04,P01,C01,9,shipping_damage,260.01,True
RETURN20240558,2024-03-11,P01,C01,6,changed_mind,173.97,False
RETURN20240559,2024-12-03,P05,C03,18,quality_issue,436.35,True
RETURN20240560,2024-10-25,P04,C01,18,changed_mind,416.83,True
RETURN20240561,2024-12-25,P04,C01,12,quality_issue,266.19,False
RETURN20240562,2024-10-26,P05,C01,10,changed_mind,160.3,True
RETURN20240563,2024-09-02,P02,C02,16,changed_mind,292.32,False
RETURN20240564,2024-10-10,P06,C06,18,quality_issue,214.1,True
RETURN20240565,2024-09-18,P02,C01,16,quality_issue,491.1,True
RETURN20240566,2024-11-16,P04,C06,12,shipping_damage,448.19,False
RETURN20240567,2024-01-22,P03,C04,1,shipping_damage,34.4,True
RETURN20240568,2024-03-06,P04,C05,17,changed_mind,526.03,False
RETURN20240569,2024-09-11,P01,C04,20,quality_issue,526.24,True
RETURN20240570,2024-11-24,P01,C03,9,duplicate,275.23,False
RETURN20240571,2024-06-04,P05,C05,11,duplicate,214.67,False
RETURN20240572,2024-12-18,P05,C06,18,other,379.35,True
RETURN20240573,2024-08-28,P03,C01,16,other,724.11,True
RETURN20240574,2024-05-08,P06,C03,9,other,160.25,False
RETURN20240575,2024-06-14,P02,C05,7,shipping_damage,141.1,False
RETURN20240576,2024-09-22,P06,C04,9,duplicate,161.95,True
RETURN20240577,2024-11-09,P02,C06,10,shipping_damage,323.2,False
RETURN20240578,2024-04-14,P04,C05,17,shipping_damage,671.61,True
RETURN20240579,2024-11-02,P06,C03,6,duplicate,93.76,False
RETURN20240580,2024-09-04,P06,C03,19,shipping_damage,209.21,True
RETURN20240581,2024-05-09,P01,C04,18,quality_issue,328.91,False
RETURN20240582,2024-09-10,P04,C05,19,other,805.57,True
RETURN20240583,2024-05-16,P01,C04,16,duplicate,422.69,False
RETURN20240584,2024-03-02,P02,C02,4,quality_issue,65.44,True
RETURN20240585,2024-05-22,P01,C05,18,quality_issue,654.65,False
RETURN20240586,2024-04-14,P01,C06,19,quality_issue,406.08,False
RETURN20240587,2024-05-25,P04,C02,8,other,301.71,False
RETURN20240588,2024-10-09,P03,C02,5,other,153.41,True
RETURN20240589,2024-03-28,P04,C02,18,changed_mind,434.43,False
RETURN20240590,2024-09-05,P01,C01,8,changed_mind,180.0,True
RETURN20240591,2024-03-29,P02,C03,4,shipping_damage,97.89,False
RETURN20240592,2024-08-16,P02,C02,4,duplicate,147.38,False
RETURN20240593,2024-03-17,P06,C04,20,quality_issue,356.55,False
RETURN20240594,2024-04-15,P06,C04,14,other,207.6,True
RETURN20240595,2024-09-12,P05,C05,13,other,181.11,True
RETURN20240596,2024-12-26,P01,C05,13,duplicate,244.87,False
RETURN20240597,2024-06-29,P04,C03,8,changed_mind,278.88,False
RETURN20240598,2024-01-13,P06,C05,8,quality_issue,128.86,True
RETURN20240599,2024-07-18,P05,C03,12,duplicate,196.66,False
RETURN20240600,2024-08-05,P01,C04,9,shipping_damage,210.84,False
RETURN20240601,2024-09-02,P02,C02,8,other,269.62,True
RETURN20240602,2024-01-19,P04,C03,2,quality_issue,93.86,True
RETURN20240603,2024-02-17,P05,C06,18,quality_issue,298.6,False
RETURN20240604,2024-08-19,P02,C03,5,shipping_damage,206.91,True
RETURN20240605,2024-04-27,P04,C03,6,changed_mind,302.59,True
RETURN20240606,2024-10-20,P06,C06,6,duplicate,131.8,True
RETURN20240607,2024-04-30,P01,C02,20,quality_issue,715.45,False
RETURN20240608,2024-04-01,P05,C01,15,shipping_damage,324.97,True
RETURN20240609,2024-09-30,P02,C02,1,changed_mind,34.62,True
RETURN20240610,2024-09-13,P05,C01,13,quality_issue,208.71,True
RETURN20240611,2024-05-03,P05,C03,19,duplicate,275.08,True
RETURN20240612,2024-12-29,P01,C06,8,other,252.54,True
RETURN20240613,2024-07-12,P02,C01,10,duplicate,332.72,False
RETURN20240614,2024-10-08,P05,C06,13,duplicate,354.56,False
RETURN20240615,2024-11-06,P05,C06,13,other,339.96,True
RETURN20240616,2024-09-14,P04,C02,2,other,102.46,False
RETURN20240617,2024-02-29,P05,C04,13,shipping_damage,128.13,False
RETURN20240618,2024-04-11,P01,C02,14,changed_mind,387.62,True
RETURN20240619,2024-11-28,P03,C04,8,changed_mind,413.24,False
RETURN20240620,2024-09-06,P04,C04,15,changed_mind,530.29,False
RETURN20240621,2024-01-27,P02,C02,4,quality_issue,95.73,False
RETURN20240622,2024-11-30,P04,C01,20,other,753.58,True
RETURN20240623,2024-09-02,P01,C03,11,other,197.68,True
RETURN20240624,2024-03-15,P06,C06,18,quality_issue,283.38,False
RETURN20240625,2024-01-13,P04,C04,11,duplicate,376.67,False
RETURN20240626,2024-05-25,P03,C01,17,duplicate,869.12,False
RETURN20240627,2024-09-20,P01,C06,18,other,520.33,True
RETURN20240628,2024-07-12,P03,C06,15,shipping_damage,432.01,True
RETURN20240629,2024-02-17,P05,C04,9,quality_issue,91.91,True
RETURN20240630,2024-03-09,P02,C04,19,changed_mind,480.79,False
RETURN20240631,2024-04-17,P01,C01,6,shipping_damage,213.33,True
RETURN20240632,2024-04-22,P04,C02,16,duplicate,711.32,False
RETURN20240633,2024-11-11,P06,C03,16,shipping_damage,305.67,False
RETURN20240634,2024-11-19,P06,C03,17,other,263.72,False
RETURN20240635,2024-10-31,P02,C02,1,shipping_damage,24.04,False
RETURN20240636,2024-09-12,P06,C04,2,shipping_damage,45.47,False
RETURN20240637,2024-02-24,P02,C05,8,changed_mind,332.38,True
RETURN20240638,2024-08-25,P02,C01,18,duplicate,635.08,False
RETURN20240639,2024-10-17,P03,C03,3,other,113.83,True
RETURN20240640,2024-06-09,P01,C04,13,changed_mind,350.32,True
RETURN20240641,2024-06-19,P03,C01,10,duplicate,535.41,False
RETURN20240642,2024-10-28,P02,C04,14,shipping_damage,331.55,True
RETURN20240643,2024-06-21,P02,C05,11,quality_issue,206.1,True
RETURN20240644,2024-01-05,P02,C05,14,quality_issue,563.05,True
RETURN20240645,2024-01-27,P01,C04,6,shipping_damage,215.31,False
RETURN20240646,2024-12-13,P06,C06,12,quality_issue,118.11,False
RETURN20240647,2024-06-18,P01,C01,19,quality_issue,528.53,True
RETURN20240648,2024-03-28,P04,C04,4,shipping_damage,158.19,True
RETURN20240649,2024-11-09,P03,C02,3,shipping_damage,83.44,True
RETURN20240650,2024-09-11,P05,C02,10,shipping_damage,185.75,False
RETURN20240651,2024-08-19,P03,C05,10,duplicate,361.1,True
RETURN20240652,2024-06-07,P06,C03,7,changed_mind,128.66,True
RETURN20240653,2024-02-10,P01,C05,4,duplicate,67.48,True
RETURN20240654,2024-05-24,P03,C06,11,duplicate,428.06,True
RETURN20240655,2024-11-25,P06,C06,18,shipping_damage,430.54,True
RETURN20240656,2024-08-30,P06,C01,12,changed_mind,157.11,True
RETURN20240657,2024-01-17,P03,C04,6,duplicate,296.81,False
RETURN20240658,2024-12-29,P03,C04,5,duplicate,247.51,True
RETURN20240659,2024-01-04,P02,C03,14,shipping_damage,252.58,True
RETURN20240660,2024-05-02,P05,C05,16,changed_mind,373.64,False
RETURN20240661,2024-01-20,P01,C06,12,other,304.19,True
RETURN20240662,2024-02-23,P04,C05,7,shipping_damage,288.17,False
RETURN20240663,2024-09-28,P04,C05,19,other,528.15,True
RETURN20240664,2024-08-20,P06,C05,18,duplicate,165.33,False
RETURN20240665,2024-01-10,P04,C05,3,duplicate,155.74,True
RETURN20240666,2024-06-10,P05,C02,15,quality_issue,328.07,False
RETURN20240667,2024-07-21,P03,C01,17,changed_mind,923.34,False
RETURN20240668,2024-05-02,P04,C01,14,quality_issue,609.4,False
RETURN20240669,2024-10-01,P05,C04,1,shipping_damage,22.18,True
RETURN20240670,2024-09-11,P05,C02,18,shipping_damage,415.29,True
RETURN20240671,2024-07-18,P05,C06,11,changed_mind,102.39,False
RETURN20240672,2024-02-10,P03,C06,8,quality_issue,225.53,False
RETURN20240673,2024-03-27,P06,C03,9,duplicate,105.83,True
RETURN20240674,2024-07-04,P01,C03,10,other,340.53,True
RETURN20240675,2024-03-20,P01,C01,8,shipping_damage,285.8,True
RETURN20240676,2024-08-19,P03,C01,17,other,705.72,True
RETURN20240677,2024-09-03,P06,C05,9,shipping_damage,196.57,False
RETURN20240678,2024-03-31,P04,C02,18,quality_issue,1010.67,True
RETURN20240679,2024-02-02,P02,C02,11,other,213.74,False
RETURN20240680,2024-01-16,P03,C04,14,other,656.19,False
RETURN20240681,2024-04-18,P02,C02,20,other,727.02,True
RETURN20240682,2024-04-26,P06,C04,18,duplicate,260.3,False
RETURN20240683,2024-04-11,P01,C01,15,other,335.86,False
RETURN20240684,2024-11-28,P03,C04,1,duplicate,27.73,True
RETURN20240685,2024-10-31,P05,C05,4,duplicate,72.23,False
RETURN20240686,2024-03-02,P05,C01,11,other,240.56,False
RETURN20240687,2024-01-20,P01,C01,10,changed_mind,334.59,False
RETURN20240688,2024-03-19,P03,C03,14,other,547.3,False
RETURN20240689,2024-06-06,P06,C03,14,shipping_damage,174.76,True
RETURN20240690,2024-03-11,P05,C05,20,shipping_damage,247.38,False
RETURN20240691,2024-06-19,P03,C01,6,other,315.64,True
RETURN20240692,2024-01-26,P03,C03,18,quality_issue,988.03,False
RETURN20240693,2024-10-09,P06,C03,4,quality_issue,58.55,False
RETURN20240694,2024-02-17,P06,C03,9,changed_mind,93.85,True
RETURN20240695,2024-02-24,P04,C01,16,duplicate,662.11,False
RETURN20240696,2024-03-22,P05,C05,8,changed_mind,93.25,True
RETURN20240697,2024-11-18,P01,C04,7,changed_mind,140.77,True
RETURN20240698,2024-07-27,P01,C06,17,other,637.07,True
RETURN20240699,2024-09-09,P05,C02,2,other,40.47,True
RETURN20240700,2024-09-27,P03,C03,5,other,183.56,False
RETURN20240701,2024-05-17,P02,C05,4,shipping_damage,136.5,False
RETURN20240702,2024-01-01,P01,C04,19,shipping_damage,575.36,True
RETURN20240703,2024-11-24,P05,C01,8,quality_issue,99.76,True
RETURN20240704,2024-01-24,P06,C01,13,changed_mind,157.06,True
RETURN20240705,2024-10-21,P01,C06,7,quality_issue,185.0,False
RETURN20240706,2024-04-15,P04,C02,5,quality_issue,261.86,False
RETURN20240707,2024-07-29,P04,C06,17,duplicate,759.19,True
RETURN20240708,2024-04-15,P04,C03,7,changed_mind,279.62,False
RETURN20240709,2024-08-11,P01,C03,1,changed_mind,16.31,True
RETURN20240710,2024-08-22,P05,C03,7,shipping_damage,82.54,False
RETURN20240711,2024-03-31,P04,C01,16,other,384.01,False
RETURN20240712,2024-06-27,P03,C06,8,shipping_damage,421.76,False
RETURN20240713,2024-05-18,P02,C04,8,changed_mind,128.0,True
RETURN20240714,2024-11-26,P04,C04,8,other,332.43,True
RETURN20240715,2024-02-26,P03,C06,12,quality_issue,388.79,False
RETURN20240716,2024-07-25,P01,C01,19,quality_issue,436.03,False
RETURN20240717,2024-05-09,P02,C06,18,other,708.07,True
RETURN20240718,2024-11-17,P04,C05,1,quality_issue,29.43,False
RETURN20240719,2024-10-17,P03,C01,16,quality_issue,740.54,False
RETURN20240720,2024-05-08,P06,C03,19,duplicate,337.31,False
RETURN20240721,2024-02-19,P04,C04,20,changed_mind,592.78,False
RETURN20240722,2024-07-01,P04,C02,18,changed_mind,612.09,True
RETURN20240723,2024-12-19,P01,C01,19,changed_mind,518.01,True
RETURN20240724,2024-04-14,P04,C04,18,quality_issue,474.39,False
RETURN20240725,2024-03-10,P02,C06,7,quality_issue,110.39,True
RETURN20240726,2024-10-27,P04,C01,9,duplicate,471.69,True
RETURN20240727,2024-06-23,P02,C05,4,shipping_damage,134.19,True
RETURN20240728,2024-01-23,P04,C06,9,quality_issue,472.6,False
RETURN20240729,2024-04-20,P04,C03,4,other,103.89,False
RETURN20240730,2024-01-01,P04,C06,12,duplicate,514.66,True
RETURN20240731,2024-01-14,P06,C01,19,shipping_damage,202.55,True
RETURN20240732,2024-04-29,P06,C01,6,changed_mind,66.86,False
RETURN20240733,2024-08-23,P01,C06,15,changed_mind,223.77,True
RETURN20240734,2024-07-06,P06,C03,14,quality_issue,277.89,True
RETURN20240735,2024-08-30,P04,C01,6,other,154.72,False
RETURN20240736,2024-02-25,P01,C02,7,duplicate,113.37,True
RETURN20240737,2024-12-24,P02,C03,17,other,721.24,False
RETURN20240738,2024-08-19,P02,C05,18,changed_mind,757.65,False
RETURN20240739,2024-03-29,P05,C04,9,other,114.33,True
RETURN20240740,2024-04-10,P04,C03,13,duplicate,714.46,True
RETURN20240741,2024-12-21,P02,C01,8,other,340.83,True
RETURN20240742,2024-10-13,P04,C04,19,changed_mind,441.27,True
RETURN20240743,2024-10-02,P02,C02,8,other,331.23,True
RETURN20240744,2024-05-03,P05,C05,3,other,32.62,False
RETURN20240745,2024-06-19,P05,C02,6,duplicate,128.11,True
RETURN20240746,2024-03-12,P02,C06,3,other,82.38,False
RETURN20240747,2024-11-20,P05,C01,11,shipping_damage,281.61,False
RETURN20240748,2024-01-16,P01,C01,1,quality_issue,38.58,True
RETURN20240749,2024-02-12,P03,C02,19,changed_mind,696.12,True
RETURN20240750,2024-08-12,P05,C06,12,other,110.89,True
RETURN20240751,2024-06-29,P03,C04,4,other,195.22,False
RETURN20240752,2024-05-13,P02,C01,18,other,636.68,False
RETURN20240753,2024-05-27,P04,C05,3,shipping_damage,104.88,True
RETURN20240754,2024-06-09,P04,C04,2,duplicate,42.8,True
RETURN20240755,2024-01-02,P06,C03,8,shipping_damage,79.95,False
RETURN20240756,2024-09-28,P02,C04,13,changed_mind,350.03,False
RETURN20240757,2024-09-18,P02,C03,12,shipping_damage,295.94,True
RETURN20240758,2024-10-22,P04,C06,2,quality_issue,84.48,True
RETURN20240759,2024-07-27,P02,C02,14,other,434.35,False
RETURN20240760,2024-01-09,P05,C06,17,quality_issue,170.49,True
RETURN20240761,2024-03-03,P04,C03,17,other,812.97,True
RETURN20240762,2024-05-13,P06,C06,9,changed_mind,167.82,False
RETURN20240763,2024-09-12,P02,C05,7,changed_mind,202.27,True
RETURN20240764,2024-07-23,P03,C02,5,changed_mind,248.18,False
RETURN20240765,2024-03-28,P05,C05,10,changed_mind,98.7,False
RETURN20240766,2024-03-07,P03,C06,17,quality_issue,564.22,False
RETURN20240767,2024-02-12,P04,C01,13,duplicate,321.69,False
RETURN20240768,2024-05-28,P01,C02,13,shipping_damage,323.05,True
RETURN20240769,2024-05-30,P02,C06,1,duplicate,26.52,False
RETURN20240770,2024-05-23,P03,C05,19,other,848.44,True
RETURN20240771,2024-04-25,P06,C01,12,other,189.37,False
RETURN20240772,2024-06-18,P06,C02,15,quality_issue,290.45,False
RETURN20240773,2024-01-20,P03,C06,2,shipping_damage,68.2,True
RETURN20240774,2024-04-16,P03,C02,17,shipping_damage,887.89,True
RETURN20240775,2024-07-21,P06,C02,5,quality_issue,54.82,False
RETURN20240776,2024-09-26,P04,C06,4,other,216.97,True
RETURN20240777,2024-10-30,P01,C06,7,changed_mind,175.58,False
RETURN20240778,2024-04-25,P01,C04,2,quality_issue,79.28,False
RETURN20240779,2024-06-16,P04,C01,15,duplicate,770.87,True
RETURN20240780,2024-01-06,P02,C02,1,quality_issue,34.23,False
RETURN20240781,2024-07-31,P01,C05,5,other,203.37,True
RETURN20240782,2024-12-18,P04,C03,16,duplicate,484.59,False
RETURN20240783,2024-11-01,P01,C06,14,other,485.28,False
RETURN20240784,2024-07-07,P05,C03,5,quality_issue,79.5,True
RETURN20240785,2024-03-04,P05,C06,19,other,262.93,True
RETURN20240786,2024-07-22,P05,C04,11,other,140.65,False
RETURN20240787,2024-04-09,P02,C06,6,other,206.03,True
RETURN20240788,2024-02-07,P02,C04,9,duplicate,154.61,False
RETURN20240789,2024-01-19,P06,C06,10,other,138.74,True
RETURN20240790,2024-07-06,P06,C01,11,duplicate,159.48,True
RETURN20240791,2024-09-22,P06,C01,4,duplicate,86.17,True
RETURN20240792,2024-01-22,P02,C01,17,shipping_damage,476.08,True
RETURN20240793,2024-01-14,P04,C02,15,changed_mind,327.67,True
RETURN20240794,2024-04-21,P03,C03,12,duplicate,448.31,True
RETURN20240795,2024-08-11,P05,C01,16,duplicate,272.25,True
RETURN20240796,2024-11-14,P02,C05,9,quality_issue,162.02,False
RETURN20240797,2024-10-10,P01,C05,15,shipping_damage,355.73,False
RETURN20240798,2024-12-07,P05,C06,17,quality_issue,207.36,False
RETURN20240799,2024-11-10,P06,C01,2,shipping_damage,28.8,True
RETURN20240800,2024-11-06,P01,C05,12,other,430.87,False
RETURN20240801,2024-05-26,P05,C02,1,duplicate,26.9,True
RETURN20240802,2024-07-25,P05,C06,19,duplicate,431.06,False
RETURN20240803,2024-12-02,P03,C05,20,duplicate,536.83,False
RETURN20240804,2024-03-15,P05,C03,19,other,255.02,False
RETURN20240805,2024-10-16,P01,C03,1,shipping_damage,30.82,True
RETURN20240806,2024-03-30,P02,C01,6,changed_mind,150.43,True
RETURN20240807,2024-08-08,P04,C05,18,quality_issue,676.09,True
RETURN20240808,2024-10-12,P04,C02,13,duplicate,621.98,True
RETURN20240809,2024-11-24,P04,C02,7,changed_mind,257.35,True
RETURN20240810,2024-06-15,P06,C06,20,changed_mind,482.18,True
RETURN20240811,2024-12-02,P05,C01,10,shipping_damage,269.31,True
RETURN20240812,2024-03-13,P06,C05,20,quality_issue,337.4,True
RETURN20240813,2024-07-26,P05,C03,18,duplicate,380.67,True
RETURN20240814,2024-10-08,P04,C05,13,quality_issue,654.86,True
RETURN20240815,2024-01-08,P05,C04,14,changed_mind,285.02,False
RETURN20240816,2024-10-19,P03,C01,9,shipping_damage,355.39,True
RETURN20240817,2024-05-03,P05,C03,17,quality_issue,382.33,True
RETURN20240818,2024-09-01,P02,C01,1,other,28.06,False
RETURN20240819,2024-07-18,P01,C01,4,duplicate,117.74,True
RETURN20240820,2024-02-11,P06,C02,20,quality_issue,186.39,True
RETURN20240821,2024-07-11,P05,C01,20,quality_issue,297.93,True
RETURN20240822,2024-06-13,P01,C04,14,other,293.75,False
RETURN20240823,2024-11-24,P04,C06,5,shipping_damage,127.41,False
RETURN20240824,2024-05-18,P01,C04,15,shipping_damage,367.2,True
RETURN20240825,2024-12-31,P04,C02,13,duplicate,593.68,True
RETURN20240826,2024-06-25,P01,C05,3,duplicate,104.24,False
RETURN20240827,2024-07-15,P01,C02,19,other,329.29,False
RETURN20240828,2024-01-12,P04,C05,18,changed_mind,467.17,False
RETURN20240829,2024-04-28,P01,C02,11,changed_mind,214.4,False
RETURN20240830,2024-02-25,P04,C05,3,changed_mind,147.34,True
RETURN20240831,2024-12-13,P01,C01,20,duplicate,332.26,False
RETURN20240832,2024-05-01,P05,C06,11,duplicate,189.22,False
RETURN20240833,2024-07-11,P01,C02,7,other,155.25,False
RETURN20240834,2024-10-30,P01,C06,6,shipping_damage,104.23,False
RETURN20240835,2024-05-30,P05,C01,4,shipping_damage,101.93,True
RETURN20240836,2024-08-19,P02,C06,9,duplicate,269.67,True
RETURN20240837,2024-03-13,P04,C06,16,changed_mind,854.96,True
RETURN20240838,2024-01-08,P02,C06,3,other,96.25,True
RETURN20240839,2024-02-22,P06,C02,9,duplicate,103.7,False
RETURN20240840,2024-09-08,P06,C06,20,duplicate,430.89,True
RETURN20240841,2024-10-03,P02,C01,17,shipping_damage,420.96,False
RETURN20240842,2024-04-27,P05,C04,1,other,18.51,False
RETURN20240843,2024-07-25,P06,C01,15,quality_issue,222.75,False
RETURN20240844,2024-04-30,P04,C05,5,quality_issue,176.53,True
RETURN20240845,2024-07-11,P05,C02,3,changed_mind,39.14,False
RETURN20240846,2024-06-16,P06,C02,3,shipping_damage,30.14,False
RETURN20240847,2024-10-03,P04,C01,9,changed_mind,401.46,True
RETURN20240848,2024-02-07,P05,C02,11,duplicate,244.73,True
RETURN20240849,2024-10-12,P05,C05,9,other,166.93,False
RETURN20240850,2024-10-06,P01,C02,5,quality_issue,195.54,True
RETURN20240851,2024-11-05,P06,C06,8,other,126.94,False
RETURN20240852,2024-09-16,P03,C06,5,other,166.47,True
RETURN20240853,2024-11-27,P01,C03,12,other,328.99,True
RETURN20240854,2024-12-21,P06,C04,3,changed_mind,36.21,False
RETURN20240855,2024-08-17,P04,C04,7,changed_mind,150.76,False
RETURN20240856,2024-05-20,P04,C01,20,duplicate,682.03,False
RETURN20240857,2024-07-15,P05,C02,20,duplicate,363.63,True
RETURN20240858,2024-03-07,P03,C05,19,quality_issue,918.14,False
RETURN20240859,2024-12-14,P05,C01,13,changed_mind,209.86,False
RETURN20240860,2024-01-16,P06,C03,13,other,175.91,False
RETURN20240861,2024-10-18,P01,C01,4,other,72.42,False
RETURN20240862,2024-07-10,P03,C03,6,duplicate,255.92,False
RETURN20240863,2024-04-10,P02,C03,20,changed_mind,621.15,True
RETURN20240864,2024-12-15,P05,C06,19,duplicate,470.78,True
RETURN20240865,2024-04-09,P05,C05,4,changed_mind,53.99,False
RETURN20240866,2024-04-05,P05,C03,16,shipping_damage,239.85,True
RETURN20240867,2024-07-25,P05,C02,8,other,173.46,False
RETURN20240868,2024-02-22,P02,C05,4,duplicate,102.99,True
RETURN20240869,2024-11-26,P04,C05,9,other,309.8,False
RETURN20240870,2024-09-06,P06,C03,9,changed_mind,114.68,True
RETURN20240871,2024-12-11,P05,C05,3,quality_issue,79.85,False
RETURN20240872,2024-03-25,P01,C02,17,shipping_damage,535.69,False
RETURN20240873,2024-01-20,P01,C03,7,quality_issue,158.47,False
RETURN20240874,2024-02-25,P03,C03,7,changed_mind,230.57,True
RETURN20240875,2024-08-02,P04,C06,17,duplicate,558.65,False
RETURN20240876,2024-01-24,P01,C05,9,changed_mind,318.22,True
RETURN20240877,2024-05-25,P01,C01,12,duplicate,341.11,True
RETURN20240878,2024-12-22,P05,C05,16,other,349.63,True
RETURN20240879,2024-09-01,P01,C03,12,other,312.94,False
RETURN20240880,2024-07-24,P02,C02,11,duplicate,296.76,False
RETURN20240881,2024-10-25,P05,C04,15,shipping_damage,220.07,True
RETURN20240882,2024-03-11,P04,C06,11,shipping_damage,429.31,False
RETURN20240883,2024-10-28,P04,C03,11,other,352.52,True
RETURN20240884,2024-06-04,P05,C01,3,duplicate,81.86,True
RETURN20240885,2024-03-10,P01,C01,2,shipping_damage,45.27,True
RETURN20240886,2024-10-27,P06,C02,3,changed_mind,60.54,True
RETURN20240887,2024-06-15,P03,C01,7,shipping_damage,252.18,True
RETURN20240888,2024-11-20,P06,C04,18,quality_issue,247.94,False
RETURN20240889,2024-09-23,P05,C05,13,other,328.26,False
RETURN20240890,2024-03-14,P04,C06,8,duplicate,354.64,False
RETURN20240891,2024-11-25,P04,C02,1,other,50.08,True
RETURN20240892,2024-07-07,P03,C02,3,changed_mind,145.89,True
RETURN20240893,2024-03-09,P02,C01,5,changed_mind,182.44,True
RETURN20240894,2024-11-16,P03,C05,3,quality_issue,150.35,True
RETURN20240895,2024-07-31,P03,C04,6,other,222.05,True
RETURN20240896,2024-09-29,P02,C04,13,quality_issue,433.35,True
RETURN20240897,2024-04-02,P03,C04,15,shipping_damage,621.83,False
RETURN20240898,2024-09-04,P02,C04,5,quality_issue,130.27,True
RETURN20240899,2024-09-18,P06,C06,15,other,183.26,True
RETURN20240900,2024-07-19,P01,C05,6,quality_issue,194.93,True
RETURN20240901,2024-02-02,P04,C06,7,changed_mind,342.48,True
RETURN20240902,2024-01-15,P03,C02,6,other,312.03,True
RETURN20240903,2024-07-29,P02,C01,14,other,263.06,False
RETURN20240904,2024-04-30,P05,C05,5,changed_mind,70.98,False
RETURN20240905,2024-12-25,P02,C05,18,other,684.32,False
RETURN20240906,2024-08-01,P01,C04,15,duplicate,321.57,False
RETURN20240907,2024-05-28,P02,C01,19,shipping_damage,567.67,False
RETURN20240908,2024-11-08,P06,C06,4,duplicate,67.03,False
RETURN20240909,2024-01-02,P02,C05,6,changed_mind,102.0,True
RETURN20240910,2024-12-07,P05,C04,17,quality_issue,242.66,False
RETURN20240911,2024-03-11,P05,C05,17,changed_mind,164.08,True
RETURN20240912,2024-03-09,P03,C04,2,changed_mind,47.64,True
RETURN20240913,2024-05-15,P05,C04,20,duplicate,384.96,False
RETURN20240914,2024-06-27,P06,C02,12,shipping_damage,144.75,False
RETURN20240915,2024-02-01,P01,C02,1,shipping_damage,19.97,False
RETURN20240916,2024-11-26,P01,C05,19,duplicate,305.14,True
RETURN20240917,2024-04-17,P06,C05,3,changed_mind,50.17,True
RETURN20240918,2024-10-27,P06,C03,1,changed_mind,14.73,True
RETURN20240919,2024-01-30,P05,C02,1,duplicate,11.23,False
RETURN20240920,2024-02-17,P05,C01,5,changed_mind,105.67,True
RETURN20240921,2024-04-16,P02,C01,15,changed_mind,252.69,True
RETURN20240922,2024-02-29,P01,C04,13,changed_mind,192.06,True
RETURN20240923,2024-08-16,P02,C06,11,other,405.39,True
RETURN20240924,2024-04-11,P05,C06,7,other,81.54,False
RETURN20240925,2024-06-21,P02,C05,1,duplicate,33.88,False
RETURN20240926,2024-09-23,P01,C02,10,quality_issue,206.75,False
RETURN20240927,2024-11-16,P05,C02,11,other,241.63,True
RETURN20240928,2024-03-17,P05,C03,13,other,154.73,False
RETURN20240929,2024-06-28,P06,C04,3,quality_issue,66.61,True
RETURN20240930,2024-12-07,P05,C05,12,other,197.32,True
RETURN20240931,2024-02-19,P02,C04,4,changed_mind,99.81,False
RETURN20240932,2024-10-08,P03,C05,12,changed_mind,352.41,True
RETURN20240933,2024-05-12,P01,C06,5,duplicate,173.09,False
RETURN20240934,2024-03-04,P03,C05,6,other,242.05,True
RETURN20240935,2024-03-26,P05,C05,2,quality_issue,33.03,True
RETURN20240936,2024-07-30,P02,C02,5,other,175.89,True
RETURN20240937,2024-06-24,P03,C03,6,quality_issue,194.41,False
RETURN20240938,2024-01-17,P02,C01,4,shipping_damage,143.04,False
RETURN20240939,2024-09-11,P05,C06,15,shipping_damage,289.35,False
RETURN20240940,2024-08-14,P05,C06,12,duplicate,273.43,True
RETURN20240941,2024-05-08,P04,C01,5,shipping_damage,193.36,True
RETURN20240942,2024-02-26,P01,C05,2,other,38.07,True
RETURN20240943,2024-01-14,P06,C04,18,duplicate,252.94,True
RETURN20240944,2024-09-07,P02,C04,17,quality_issue,452.81,False
RETURN20240945,2024-08-17,P01,C02,19,quality_issue,677.39,True
RETURN20240946,2024-08-25,P01,C02,17,duplicate,270.86,True
RETURN20240947,2024-08-24,P06,C02,11,quality_issue,211.77,False
RETURN20240948,2024-07-03,P05,C03,16,duplicate,192.85,True
RETURN20240949,2024-01-13,P01,C05,14,other,478.18,False
RETURN20240950,2024-08-16,P04,C06,14,duplicate,306.62,True
RETURN20240951,2024-10-14,P01,C03,7,changed_mind,232.29,True
RETURN20240952,2024-08-13,P03,C04,13,changed_mind,322.44,True
RETURN20240953,2024-09-25,P02,C02,16,quality_issue,599.69,False
RETURN20240954,2024-07-31,P04,C01,10,other,233.09,True
RETURN20240955,2024-02-29,P01,C04,19,duplicate,343.0,False
RETURN20240956,2024-01-20,P01,C06,9,other,313.07,True
RETURN20240957,2024-10-15,P06,C06,9,shipping_damage,115.38,True
RETURN20240958,2024-06-11,P02,C01,9,other,154.04,False
RETURN20240959,2024-11-27,P05,C04,13,other,353.76,True
RETURN20240960,2024-11-27,P01,C02,15,quality_issue,539.59,False
RETURN20240961,2024-11-04,P05,C06,10,duplicate,231.93,True
RETURN20240962,2024-04-20,P04,C03,2,other,58.94,True
RETURN20240963,2024-03-30,P03,C04,6,other,265.58,False
RETURN20240964,2024-10-25,P05,C01,20,quality_issue,213.78,False
RETURN20240965,2024-03-25,P04,C06,5,duplicate,100.55,False
RETURN20240966,2024-10-03,P02,C01,3,changed_mind,97.51,True
RETURN20240967,2024-11-18,P06,C06,9,other,189.93,True
RETURN20240968,2024-04-30,P03,C06,20,other,828.99,False
RETURN20240969,2024-03-16,P01,C01,15,other,452.06,False
RETURN20240970,2024-12-04,P05,C01,3,duplicate,79.45,False
RETURN20240971,2024-09-30,P02,C02,4,shipping_damage,116.65,True
RETURN20240972,2024-10-19,P04,C05,12,quality_issue,460.65,True
RETURN20240973,2024-01-14,P03,C05,2,shipping_damage,78.13,True
RETURN20240974,2024-04-02,P02,C04,19,other,458.84,True
RETURN20240975,2024-03-21,P05,C04,19,changed_mind,352.37,False
RETURN20240976,2024-10-13,P05,C02,15,duplicate,299.36,False
RETURN20240977,2024-12-06,P06,C01,9,shipping_damage,100.88,True
RETURN20240978,2024-05-12,P01,C05,14,duplicate,207.9,True
RETURN20240979,2024-03-31,P04,C03,18,shipping_damage,822.03,False
RETURN20240980,2024-02-24,P04,C05,13,quality_issue,616.75,False
RETURN20240981,2024-12-25,P06,C03,20,other,246.23,False
RETURN20240982,2024-11-09,P04,C01,9,shipping_damage,228.69,False
RETURN20240983,2024-01-06,P02,C05,11,changed_mind,201.94,False
RETURN20240984,2024-10-23,P02,C06,14,other,254.48,True
RETURN20240985,2024-05-16,P05,C04,18,changed_mind,367.95,False
RETURN20240986,2024-03-11,P03,C04,16,other,575.6,True
RETURN20240987,2024-08-05,P01,C05,3,quality_issue,56.05,True
RETURN20240988,2024-10-27,P06,C02,12,other,228.49,True
RETURN20240989,2024-04-14,P06,C04,4,duplicate,74.33,True
RETURN20240990,2024-06-23,P02,C02,2,shipping_damage,65.79,True
RETURN20240991,2024-07-24,P03,C06,1,shipping_damage,60.31,False
RETURN20240992,2024-06-03,P04,C02,9,quality_issue,292.28,True
RETURN20240993,2024-04-08,P06,C03,9,other,123.23,True
RETURN20240994,2024-08-28,P06,C04,3,changed_mind,61.18,True
RETURN20240995,2024-10-06,P05,C06,1,duplicate,24.92,True
RETURN20240996,2024-02-19,P03,C01,15,other,766.7,True
RETURN20240997,2024-04-25,P03,C05,6,duplicate,372.27,False
RETURN20240998,2024-11-11,P06,C05,20,changed_mind,409.97,False
RETURN20240999,2024-12-22,P05,C05,15,other,229.44,False
RETURN20241000,2024-12-18,P01,C03,11,shipping_damage,392.73,True
RETURN20250001,2025-02-26,P01,C05,5,changed_mind,85.97,False
RETURN20250002,2025-07-04,P02,C06,13,quality_issue,349.88,True
RETURN20250003,2025-08-31,P01,C04,2,other,53.77,False
RETURN20250004,2025-04-17,P04,C03,8,changed_mind,187.69,False
RETURN20250005,2025-06-17,P03,C05,2,quality_issue,46.88,False
RETURN20250006,2025-03-11,P03,C05,19,quality_issue,596.63,False
RETURN20250007,2025-07-12,P06,C03,18,duplicate,300.52,True
RETURN20250008,2025-06-17,P04,C03,6,shipping_damage,169.1,False
RETURN20250009,2025-09-08,P04,C03,18,other,696.0,False
RETURN20250010,2025-06-13,P02,C02,17,quality_issue,485.4,True
RETURN20250011,2025-07-09,P03,C04,13,changed_mind,696.52,False
RETURN20250012,2025-12-25,P03,C01,4,shipping_damage,174.45,False
RETURN20250013,2025-04-28,P01,C01,14,changed_mind,234.31,True
RETURN20250014,2025-05-31,P02,C04,14,duplicate,519.69,False
RETURN20250015,2025-06-09,P04,C02,11,duplicate,240.98,True
RETURN20250016,2025-04-01,P03,C06,4,other,192.38,False
RETURN20250017,2025-10-01,P05,C06,13,quality_issue,314.79,True
RETURN20250018,2025-02-25,P04,C05,17,duplicate,833.83,True
RETURN20250019,2025-04-11,P01,C02,19,shipping_damage,505.32,True
RETURN20250020,2025-05-20,P04,C02,14,changed_mind,626.36,False
RETURN20250021,2025-02-08,P02,C06,4,quality_issue,91.49,False
RETURN20250022,2025-04-28,P06,C04,11,shipping_damage,200.59,False
RETURN20250023,2025-09-30,P01,C04,18,changed_mind,422.7,False
RETURN20250024,2025-09-21,P02,C03,5,other,157.13,True
RETURN20250025,2025-09-15,P03,C03,12,shipping_damage,304.4,False
RETURN20250026,2025-05-11,P03,C06,12,duplicate,398.81,True
RETURN20250027,2025-04-11,P01,C01,5,changed_mind,208.84,False
RETURN20250028,2025-05-27,P05,C05,16,other,358.22,True
RETURN20250029,2025-08-19,P04,C04,7,shipping_damage,282.12,True
RETURN20250030,2025-09-08,P02,C01,7,other,224.66,True
RETURN20250031,2025-02-07,P04,C03,1,quality_issue,49.3,True
RETURN20250032,2025-11-07,P04,C02,2,changed_mind,41.1,True
RETURN20250033,2025-06-16,P06,C05,17,shipping_damage,329.96,True
RETURN20250034,2025-06-19,P02,C03,1,quality_issue,26.55,False
RETURN20250035,2025-08-14,P04,C05,10,quality_issue,493.67,False
RETURN20250036,2025-03-30,P03,C03,9,shipping_damage,310.85,False
RETURN20250037,2025-01-28,P05,C02,18,quality_issue,337.27,True
RETURN20250038,2025-08-19,P06,C05,4,shipping_damage,45.19,True
RETURN20250039,2025-03-17,P05,C04,17,shipping_damage,406.99,False
RETURN20250040,2025-11-15,P05,C05,14,other,277.45,True
RETURN20250041,2025-12-20,P05,C01,10,shipping_damage,192.44,True
RETURN20250042,2025-09-03,P01,C03,15,shipping_damage,379.5,True
RETURN20250043,2025-02-15,P06,C05,18,duplicate,368.26,True
RETURN20250044,2025-05-18,P02,C02,18,other,510.65,True
RETURN20250045,2025-05-02,P05,C01,5,other,97.58,False
RETURN20250046,2025-03-22,P05,C02,6,other,148.65,True
RETURN20250047,2025-03-27,P02,C01,2,quality_issue,43.83,True
RETURN20250048,2025-01-02,P01,C01,17,duplicate,406.67,True
RETURN20250049,2025-01-16,P05,C06,20,other,509.22,False
RETURN20250050,2025-07-17,P01,C01,18,shipping_damage,325.56,False
RETURN20250051,2025-02-17,P03,C01,8,shipping_damage,488.44,True
RETURN20250052,2025-11-25,P01,C05,17,duplicate,391.38,True
RETURN20250053,2025-04-10,P03,C03,14,other,509.47,True
RETURN20250054,2025-01-18,P01,C02,1,duplicate,37.57,True
RETURN20250055,2025-07-09,P03,C03,19,quality_issue,638.96,True
RETURN20250056,2025-08-12,P04,C06,13,quality_issue,294.27,False
RETURN20250057,2025-07-09,P03,C01,3,changed_mind,183.32,True
RETURN20250058,2025-08-17,P05,C03,4,other,55.16,False
RETURN20250059,2025-01-22,P05,C05,1,other,21.45,False
RETURN20250060,2025-08-03,P05,C02,10,duplicate,185.74,False
RETURN20250061,2025-03-23,P04,C05,15,other,451.27,False
RETURN20250062,2025-10-13,P05,C05,19,other,453.47,False
RETURN20250063,2025-11-11,P01,C03,1,other,25.05,False
RETURN20250064,2025-08-21,P01,C05,15,quality_issue,523.34,True
RETURN20250065,2025-03-06,P01,C01,5,shipping_damage,129.99,True
RETURN20250066,2025-07-14,P01,C03,3,quality_issue,103.15,False
RETURN20250067,2025-03-13,P01,C04,12,shipping_damage,455.87,True
RETURN20250068,2025-08-24,P04,C04,10,changed_mind,386.68,False
RETURN20250069,2025-11-05,P02,C01,4,other,78.84,True
RETURN20250070,2025-11-08,P06,C05,13,duplicate,182.25,True
RETURN20250071,2025-03-14,P05,C04,11,quality_issue,187.44,False
RETURN20250072,2025-07-07,P03,C02,4,shipping_damage,201.85,False
RETURN20250073,2025-09-06,P01,C03,14,changed_mind,222.76,True
RETURN20250074,2025-03-06,P03,C04,1,quality_issue,59.3,True
RETURN20250075,2025-02-02,P06,C04,8,shipping_damage,130.42,True
RETURN20250076,2025-08-24,P02,C02,5,duplicate,199.68,True
RETURN20250077,2025-10-14,P05,C03,9,quality_issue,142.59,True
RETURN20250078,2025-03-24,P06,C03,15,changed_mind,337.13,True
RETURN20250079,2025-07-19,P05,C03,1,quality_issue,22.37,True
RETURN20250080,2025-02-16,P01,C05,12,other,255.51,False
RETURN20250081,2025-02-25,P06,C01,11,quality_issue,206.64,True
RETURN20250082,2025-07-05,P02,C04,2,changed_mind,44.67,True
RETURN20250083,2025-08-25,P01,C04,19,quality_issue,276.44,False
RETURN20250084,2025-05-12,P06,C06,3,other,66.48,False
RETURN20250085,2025-12-24,P03,C02,5,other,209.4,True
RETURN20250086,2025-07-31,P03,C02,20,duplicate,961.73,False
RETURN20250087,2025-02-15,P05,C06,17,duplicate,239.73,False
RETURN20250088,2025-10-03,P01,C02,3,shipping_damage,43.9,False
RETURN20250089,2025-10-15,P06,C05,13,changed_mind,122.12,False
RETURN20250090,2025-04-20,P06,C03,15,changed_mind,198.95,True
RETURN20250091,2025-08-04,P05,C01,13,other,233.85,False
RETURN20250092,2025-08-18,P02,C05,18,shipping_damage,664.91,True
RETURN20250093,2025-10-08,P03,C02,11,duplicate,656.27,False
RETURN20250094,2025-07-27,P02,C05,2,quality_issue,53.03,False
RETURN20250095,2025-05-22,P06,C01,13,other,175.85,True
RETURN20250096,2025-07-06,P04,C02,7,quality_issue,288.92,False
RETURN20250097,2025-06-16,P01,C01,16,shipping_damage,545.87,True
RETURN20250098,2025-04-30,P01,C01,4,other,152.96,True
RETURN20250099,2025-11-04,P06,C01,5,shipping_damage,93.67,False
RETURN20250100,2025-12-16,P04,C01,6,quality_issue,192.33,False
RETURN20250101,2025-04-30,P03,C03,3,quality_issue,171.77,True
RETURN20250102,2025-04-04,P04,C03,19,quality_issue,384.59,False
RETURN20250103,2025-12-25,P01,C01,11,changed_mind,370.91,True
RETURN20250104,2025-06-27,P06,C06,19,other,252.84,False
RETURN20250105,2025-05-25,P01,C04,4,changed_mind,152.08,False
RETURN20250106,2025-11-01,P05,C01,12,other,258.0,True
RETURN20250107,2025-04-29,P06,C01,2,duplicate,23.83,True
RETURN20250108,2025-06-05,P06,C01,7,other,77.66,False
RETURN20250109,2025-06-28,P02,C01,7,other,219.44,False
RETURN20250110,2025-02-02,P01,C05,10,quality_issue,398.64,False
RETURN20250111,2025-11-12,P05,C02,18,changed_mind,427.71,False
RETURN20250112,2025-03-17,P01,C03,13,quality_issue,299.28,False
RETURN20250113,2025-10-19,P05,C01,1,duplicate,24.49,True
RETURN20250114,2025-02-07,P05,C04,15,quality_issue,333.42,True
RETURN20250115,2025-09-03,P05,C03,5,changed_mind,106.67,False
RETURN20250116,2025-06-07,P05,C06,12,quality_issue,125.66,False
RETURN20250117,2025-08-23,P04,C02,11,changed_mind,275.72,False
RETURN20250118,2025-01-06,P01,C04,7,shipping_damage,164.14,False
RETURN20250119,2025-04-05,P03,C01,15,changed_mind,660.96,True
RETURN20250120,2025-12-05,P05,C06,5,changed_mind,69.39,True
RETURN20250121,2025-02-05,P01,C06,2,duplicate,72.96,True
RETURN20250122,2025-07-02,P02,C01,18,duplicate,530.53,True
RETURN20250123,2025-01-08,P02,C01,3,duplicate,63.07,True
RETURN20250124,2025-11-12,P01,C03,11,duplicate,280.33,False
RETURN20250125,2025-06-15,P05,C02,3,other,62.25,False
RETURN20250126,2025-03-27,P04,C01,8,changed_mind,303.43,True
RETURN20250127,2025-01-05,P06,C02,15,other,170.93,False
RETURN20250128,2025-08-25,P04,C01,20,duplicate,451.2,False
RETURN20250129,2025-03-24,P02,C06,18,changed_mind,439.22,True
RETURN20250130,2025-02-20,P06,C05,6,other,112.97,False
RETURN20250131,2025-01-03,P06,C03,19,quality_issue,356.52,False
RETURN20250132,2025-04-19,P05,C03,11,quality_issue,239.45,False
RETURN20250133,2025-10-19,P06,C04,16,quality_issue,218.11,True
RETURN20250134,2025-12-29,P01,C03,8,other,290.32,True
RETURN20250135,2025-10-08,P04,C05,5,other,184.52,True
RETURN20250136,2025-09-18,P03,C03,10,quality_issue,633.54,True
RETURN20250137,2025-03-28,P06,C04,6,changed_mind,92.49,False
RETURN20250138,2025-10-02,P02,C06,8,changed_mind,128.33,True
RETURN20250139,2025-05-23,P03,C04,9,changed_mind,523.39,True
RETURN20250140,2025-02-03,P04,C03,19,changed_mind,860.89,True
RETURN20250141,2025-11-18,P06,C01,5,changed_mind,106.52,False
RETURN20250142,2025-12-23,P02,C02,5,duplicate,133.47,True
RETURN20250143,2025-12-23,P01,C02,12,quality_issue,469.05,True
RETURN20250144,2025-09-15,P01,C04,11,duplicate,252.79,True
RETURN20250145,2025-01-02,P06,C01,12,other,154.68,False
RETURN20250146,2025-08-22,P04,C03,13,quality_issue,580.59,True
RETURN20250147,2025-03-09,P01,C06,1,other,17.76,True
RETURN20250148,2025-08-29,P03,C04,20,changed_mind,794.39,True
RETURN20250149,2025-03-03,P01,C03,8,other,303.63,True
RETURN20250150,2025-11-14,P04,C04,6,quality_issue,266.91,True
RETURN20250151,2025-03-02,P04,C04,1,shipping_damage,34.33,False
RETURN20250152,2025-08-02,P04,C04,2,duplicate,101.97,True
RETURN20250153,2025-10-20,P05,C04,12,shipping_damage,223.27,False
RETURN20250154,2025-06-03,P06,C01,15,duplicate,385.27,False
RETURN20250155,2025-11-06,P02,C06,8,shipping_damage,129.52,False
RETURN20250156,2025-03-27,P04,C02,5,duplicate,134.04,True
RETURN20250157,2025-02-15,P03,C02,9,duplicate,397.5,False
RETURN20250158,2025-12-02,P05,C06,11,changed_mind,119.16,True
RETURN20250159,2025-10-01,P06,C04,20,other,226.39,False
RETURN20250160,2025-03-17,P06,C02,10,quality_issue,202.38,False
RETURN20250161,2025-05-15,P02,C02,18,changed_mind,680.13,False
RETURN20250162,2025-08-24,P02,C03,2,changed_mind,42.14,False
RETURN20250163,2025-04-14,P01,C06,8,shipping_damage,265.14,False
RETURN20250164,2025-07-27,P01,C03,9,duplicate,301.99,False
RETURN20250165,2025-12-20,P05,C06,9,duplicate,145.98,False
RETURN20250166,2025-11-22,P03,C02,12,duplicate,471.26,False
RETURN20250167,2025-05-19,P04,C04,20,duplicate,1125.31,True
RETURN20250168,2025-08-09,P02,C03,5,shipping_damage,106.44,True
RETURN20250169,2025-10-02,P06,C01,19,other,414.36,False
RETURN20250170,2025-09-18,P01,C03,6,other,117.17,False
RETURN20250171,2025-10-22,P04,C04,10,changed_mind,260.01,True
RETURN20250172,2025-01-07,P04,C03,5,other,256.73,False
RETURN20250173,2025-04-03,P04,C01,10,shipping_damage,388.61,True
RETURN20250174,2025-05-07,P02,C04,4,shipping_damage,149.83,True
RETURN20250175,2025-01-29,P04,C05,14,duplicate,372.52,True
RETURN20250176,2025-01-16,P05,C06,4,other,92.06,True
RETURN20250177,2025-03-14,P01,C01,12,duplicate,217.22,False
RETURN20250178,2025-06-12,P02,C02,12,shipping_damage,448.45,True
RETURN20250179,2025-08-10,P05,C04,9,duplicate,90.16,False
RETURN20250180,2025-04-10,P06,C02,1,duplicate,21.57,True
RETURN20250181,2025-04-24,P04,C04,15,duplicate,474.35,False
RETURN20250182,2025-07-28,P02,C02,15,shipping_damage,535.88,True
RETURN20250183,2025-11-19,P06,C03,5,other,52.39,False
RETURN20250184,2025-06-16,P06,C05,2,changed_mind,29.25,True
RETURN20250185,2025-03-07,P01,C03,6,changed_mind,104.07,True
RETURN20250186,2025-11-06,P03,C02,19,quality_issue,999.59,True
RETURN20250187,2025-07-23,P05,C06,3,changed_mind,73.23,True
RETURN20250188,2025-03-04,P02,C04,20,changed_mind,568.9,False
RETURN20250189,2025-04-01,P06,C01,20,other,405.99,False
RETURN20250190,2025-05-07,P03,C02,12,shipping_damage,692.81,True
RETURN20250191,2025-05-01,P02,C02,5,duplicate,111.56,True
RETURN20250192,2025-09-25,P05,C05,6,shipping_damage,127.14,True
RETURN20250193,2025-07-01,P02,C02,8,quality_issue,228.96,True
RETURN20250194,2025-08-29,P04,C01,2,duplicate,44.51,True
RETURN20250195,2025-07-19,P05,C04,4,changed_mind,97.55,True
RETURN20250196,2025-07-15,P01,C01,1,changed_mind,24.86,False
RETURN20250197,2025-11-27,P05,C02,18,changed_mind,394.4,False
RETURN20250198,2025-12-08,P06,C04,9,shipping_damage,185.92,False
RETURN20250199,2025-04-13,P03,C04,9,changed_mind,487.21,True
RETURN20250200,2025-12-20,P02,C02,6,other,105.32,True
RETURN20250201,2025-11-08,P03,C03,5,other,135.25,True
RETURN20250202,2025-04-02,P06,C03,13,changed_mind,250.46,False
RETURN20250203,2025-04-19,P03,C06,2,changed_mind,114.54,False
RETURN20250204,2025-05-06,P01,C06,4,shipping_damage,100.29,False
RETURN20250205,2025-05-22,P01,C02,1,shipping_damage,20.67,False
RETURN20250206,2025-03-04,P06,C05,11,quality_issue,124.7,False
RETURN20250207,2025-03-31,P04,C06,2,shipping_damage,86.42,True
RETURN20250208,2025-10-20,P06,C04,12,shipping_damage,232.09,False
RETURN20250209,2025-01-24,P03,C03,9,changed_mind,518.78,True
RETURN20250210,2025-07-08,P01,C04,9,other,281.07,False
RETURN20250211,2025-06-18,P04,C03,1,quality_issue,40.7,False
RETURN20250212,2025-10-31,P02,C05,11,duplicate,273.83,True
RETURN20250213,2025-01-31,P04,C01,5,changed_mind,159.51,True
RETURN20250214,2025-12-08,P01,C01,20,duplicate,373.51,True
RETURN20250215,2025-03-18,P03,C01,7,duplicate,395.62,False
RETURN20250216,2025-08-25,P05,C05,15,other,370.73,False
RETURN20250217,2025-04-21,P01,C02,14,duplicate,290.36,True
RETURN20250218,2025-03-09,P04,C06,13,quality_issue,486.87,False
RETURN20250219,2025-12-23,P05,C05,18,other,304.78,True
RETURN20250220,2025-11-23,P02,C06,19,shipping_damage,432.55,True
RETURN20250221,2025-11-19,P04,C03,10,other,407.05,False
RETURN20250222,2025-04-04,P02,C01,5,quality_issue,141.53,False
RETURN20250223,2025-01-13,P03,C04,13,shipping_damage,533.95,False
RETURN20250224,2025-05-26,P04,C01,2,duplicate,96.35,False
RETURN20250225,2025-07-22,P03,C03,18,duplicate,754.36,False
RETURN20250226,2025-10-21,P04,C05,15,quality_issue,566.2,True
RETURN20250227,2025-07-17,P03,C04,2,shipping_damage,44.57,False
RETURN20250228,2025-05-06,P03,C03,8,quality_issue,349.81,False
RETURN20250229,2025-05-20,P05,C04,20,duplicate,316.25,True
RETURN20250230,2025-11-22,P05,C06,12,duplicate,148.34,True
RETURN20250231,2025-01-26,P06,C03,19,quality_issue,218.73,False
RETURN20250232,2025-02-26,P02,C05,6,changed_mind,160.48,True
RETURN20250233,2025-02-10,P03,C05,10,other,581.13,False
RETURN20250234,2025-11-10,P04,C03,10,duplicate,284.4,False
RETURN20250235,2025-05-15,P03,C06,8,shipping_damage,394.33,False
RETURN20250236,2025-11-10,P01,C04,19,other,435.43,True
RETURN20250237,2025-12-28,P03,C03,19,changed_mind,817.86,False
RETURN20250238,2025-07-29,P03,C01,17,other,510.31,True
RETURN20250239,2025-01-25,P05,C03,17,other,358.52,True
RETURN20250240,2025-10-22,P06,C05,17,shipping_damage,179.88,True
RETURN20250241,2025-02-23,P01,C05,15,changed_mind,248.23,False
RETURN20250242,2025-01-23,P04,C03,10,other,349.25,False
RETURN20250243,2025-11-19,P06,C04,12,other,126.38,True
RETURN20250244,2025-01-20,P02,C01,2,other,52.08,False
RETURN20250245,2025-07-15,P01,C02,20,quality_issue,671.99,True
RETURN20250246,2025-07-02,P01,C02,4,duplicate,87.79,False
RETURN20250247,2025-07-02,P05,C06,20,shipping_damage,374.78,False
RETURN20250248,2025-01-02,P05,C04,3,other,43.14,True
RETURN20250249,2025-05-14,P06,C03,18,shipping_damage,332.95,False
RETURN20250250,2025-07-18,P02,C01,3,other,85.6,True
RETURN20250251,2025-04-15,P03,C02,7,changed_mind,423.1,True
RETURN20250252,2025-01-18,P02,C02,10,changed_mind,225.17,True
RETURN20250253,2025-12-02,P01,C01,10,duplicate,310.88,False
RETURN20250254,2025-09-16,P06,C06,13,other,292.34,True
RETURN20250255,2025-10-10,P06,C03,5,shipping_damage,74.0,True
RETURN20250256,2025-03-20,P06,C01,16,shipping_damage,156.17,False
RETURN20250257,2025-04-07,P01,C03,7,quality_issue,141.15,False
RETURN20250258,2025-01-25,P02,C02,18,shipping_damage,493.53,False
RETURN20250259,2025-04-03,P04,C03,6,changed_mind,215.58,True
RETURN20250260,2025-11-16,P02,C01,5,shipping_damage,118.7,True
RETURN20250261,2025-04-21,P02,C01,8,changed_mind,162.13,False
RETURN20250262,2025-08-14,P01,C06,4,duplicate,143.01,False
RETURN20250263,2025-01-06,P04,C04,5,other,217.84,False
RETURN20250264,2025-05-08,P06,C01,6,shipping_damage,69.13,True
RETURN20250265,2025-03-30,P02,C06,19,shipping_damage,714.19,True
RETURN20250266,2025-05-01,P01,C02,9,changed_mind,151.78,False
RETURN20250267,2025-08-23,P01,C05,1,changed_mind,35.75,True
RETURN20250268,2025-05-30,P01,C03,2,duplicate,74.88,False
RETURN20250269,2025-12-05,P05,C04,4,duplicate,85.84,False
RETURN20250270,2025-06-14,P03,C04,4,other,232.85,True
RETURN20250271,2025-05-16,P01,C04,12,changed_mind,350.51,False
RETURN20250272,2025-03-20,P06,C04,5,quality_issue,56.14,False
RETURN20250273,2025-11-03,P01,C05,11,other,236.87,False
RETURN20250274,2025-09-17,P06,C06,5,duplicate,68.8,True
RETURN20250275,2025-08-20,P05,C01,6,quality_issue,61.34,True
RETURN20250276,2025-03-03,P05,C04,17,shipping_damage,395.9,False
RETURN20250277,2025-11-11,P01,C06,3,quality_issue,108.7,False
RETURN20250278,2025-05-30,P06,C01,8,shipping_damage,85.37,False
RETURN20250279,2025-12-22,P03,C02,20,quality_issue,780.14,True
RETURN20250280,2025-03-31,P02,C04,13,changed_mind,293.84,False
RETURN20250281,2025-04-04,P02,C01,12,changed_mind,251.22,False
RETURN20250282,2025-04-01,P04,C06,11,shipping_damage,463.66,False
RETURN20250283,2025-04-09,P02,C06,1,changed_mind,21.87,False
RETURN20250284,2025-05-31,P03,C04,1,other,39.08,False
RETURN20250285,2025-01-07,P03,C04,1,quality_issue,57.32,False
RETURN20250286,2025-09-17,P06,C03,3,shipping_damage,36.02,False
RETURN20250287,2025-09-12,P03,C05,6,changed_mind,165.25,False
RETURN20250288,2025-08-01,P02,C03,6,duplicate,167.57,True
RETURN20250289,2025-03-23,P03,C05,5,quality_issue,248.36,False
RETURN20250290,2025-10-05,P01,C02,20,shipping_damage,543.3,True
RETURN20250291,2025-03-19,P05,C03,4,duplicate,48.48,True
RETURN20250292,2025-10-30,P03,C03,19,duplicate,581.98,True
RETURN20250293,2025-11-27,P04,C02,20,changed_mind,458.21,False
RETURN20250294,2025-02-08,P03,C06,9,quality_issue,425.27,False
RETURN20250295,2025-02-19,P02,C02,4,other,134.92,True
RETURN20250296,2025-01-23,P03,C05,18,changed_mind,929.81,True
RETURN20250297,2025-02-02,P06,C01,6,quality_issue,148.01,True
RETURN20250298,2025-02-09,P03,C06,10,quality_issue,486.26,True
RETURN20250299,2025-08-11,P05,C04,18,duplicate,261.82,True
RETURN20250300,2025-02-23,P05,C01,17,other,302.34,False
RETURN20250301,2025-06-08,P03,C02,1,duplicate,26.14,False
RETURN20250302,2025-08-15,P06,C05,16,shipping_damage,253.12,False
RETURN20250303,2025-11-23,P04,C03,13,quality_issue,556.89,True
RETURN20250304,2025-04-22,P03,C06,6,changed_mind,269.24,False
RETURN20250305,2025-03-16,P02,C01,7,shipping_damage,222.04,True
RETURN20250306,2025-05-26,P02,C05,9,quality_issue,209.56,False
RETURN20250307,2025-09-19,P05,C06,4,other,62.25,False
RETURN20250308,2025-10-29,P05,C05,20,other,215.64,True
RETURN20250309,2025-09-21,P06,C02,4,quality_issue,40.93,False
RETURN20250310,2025-08-05,P04,C01,6,quality_issue,129.06,True
RETURN20250311,2025-03-24,P05,C03,7,changed_mind,168.5,True
RETURN20250312,2025-06-14,P06,C01,11,shipping_damage,146.7,True
RETURN20250313,2025-10-09,P06,C01,12,changed_mind,275.09,True
RETURN20250314,2025-12-04,P05,C05,2,duplicate,33.5,False
RETURN20250315,2025-03-25,P04,C04,8,changed_mind,422.37,True
RETURN20250316,2025-09-14,P05,C04,7,duplicate,107.73,True
RETURN20250317,2025-09-16,P03,C06,4,other,241.1,False
RETURN20250318,2025-04-01,P04,C04,4,other,117.26,True
RETURN20250319,2025-01-01,P01,C02,5,changed_mind,103.4,True
RETURN20250320,2025-11-08,P02,C01,18,changed_mind,479.88,True
RETURN20250321,2025-08-25,P06,C05,3,shipping_damage,58.71,True
RETURN20250322,2025-07-27,P04,C04,13,quality_issue,416.86,False
RETURN20250323,2025-10-25,P02,C01,18,shipping_damage,402.19,True
RETURN20250324,2025-11-15,P02,C04,20,duplicate,372.14,True
RETURN20250325,2025-06-30,P05,C04,19,changed_mind,376.02,False
RETURN20250326,2025-06-29,P06,C04,6,quality_issue,148.62,True
RETURN20250327,2025-12-26,P04,C04,12,duplicate,482.51,True
RETURN20250328,2025-11-10,P03,C05,4,duplicate,110.4,True
RETURN20250329,2025-06-25,P03,C02,20,duplicate,867.63,True
RETURN20250330,2025-08-16,P06,C03,5,other,47.03,False
RETURN20250331,2025-11-18,P04,C02,20,other,1065.05,False
RETURN20250332,2025-02-02,P04,C05,20,quality_issue,776.92,False
RETURN20250333,2025-06-07,P06,C06,16,shipping_damage,290.97,False
RETURN20250334,2025-07-27,P03,C01,17,other,827.79,False
RETURN20250335,2025-02-27,P04,C04,8,duplicate,292.59,False
RETURN20250336,2025-04-16,P04,C06,19,other,461.62,False
RETURN20250337,2025-05-30,P05,C05,1,shipping_damage,9.42,True
RETURN20250338,2025-12-06,P06,C05,13,shipping_damage,325.35,True
RETURN20250339,2025-01-17,P02,C04,5,quality_issue,142.88,False
RETURN20250340,2025-10-11,P05,C01,1,changed_mind,15.06,False
RETURN20250341,2025-07-03,P05,C01,8,other,136.85,True
RETURN20250342,2025-12-07,P01,C03,16,other,442.39,False
RETURN20250343,2025-05-15,P06,C01,18,changed_mind,159.54,False
RETURN20250344,2025-07-09,P01,C01,1,shipping_damage,31.1,False
RETURN20250345,2025-02-22,P05,C05,12,quality_issue,302.29,False
RETURN20250346,2025-07-18,P03,C01,18,other,502.0,False
RETURN20250347,2025-10-05,P06,C03,14,quality_issue,227.28,False
RETURN20250348,2025-01-10,P06,C01,17,duplicate,371.71,True
RETURN20250349,2025-01-16,P01,C06,7,quality_issue,111.67,False
RETURN20250350,2025-06-01,P03,C03,5,quality_issue,187.51,False
RETURN20250351,2025-12-07,P03,C04,18,duplicate,1020.75,False
RETURN20250352,2025-03-26,P03,C01,13,changed_mind,320.09,False
RETURN20250353,2025-11-09,P05,C04,16,duplicate,328.87,True
RETURN20250354,2025-04-03,P01,C05,1,changed_mind,37.0,False
RETURN20250355,2025-08-14,P01,C03,16,duplicate,347.43,False
RETURN20250356,2025-12-17,P03,C03,20,duplicate,647.44,True
RETURN20250357,2025-04-29,P05,C02,11,quality_issue,252.05,False
RETURN20250358,2025-06-20,P06,C03,7,other,62.9,True
RETURN20250359,2025-07-21,P02,C06,6,quality_issue,262.37,False
RETURN20250360,2025-05-02,P06,C02,15,duplicate,305.89,True
RETURN20250361,2025-11-13,P03,C05,11,shipping_damage,489.69,True
RETURN20250362,2025-04-03,P05,C06,10,shipping_damage,111.97,False
RETURN20250363,2025-02-21,P04,C01,17,shipping_damage,680.53,False
RETURN20250364,2025-02-04,P01,C03,2,quality_issue,48.43,True
RETURN20250365,2025-05-13,P04,C04,10,changed_mind,444.21,True
RETURN20250366,2025-07-02,P02,C03,15,shipping_damage,301.37,False
RETURN20250367,2025-03-02,P03,C05,10,other,407.86,False
RETURN20250368,2025-05-29,P05,C02,2,duplicate,34.78,True
RETURN20250369,2025-04-24,P02,C01,17,quality_issue,620.58,True
RETURN20250370,2025-12-19,P02,C02,17,changed_mind,496.71,True
RETURN20250371,2025-09-20,P04,C05,18,other,442.5,True
RETURN20250372,2025-09-03,P05,C04,7,other,105.84,False
RETURN20250373,2025-12-17,P01,C03,6,shipping_damage,139.83,True
RETURN20250374,2025-06-17,P06,C02,16,other,164.36,True
RETURN20250375,2025-07-02,P04,C06,16,shipping_damage,752.21,False
RETURN20250376,2025-02-14,P06,C04,15,changed_mind,278.97,False
RETURN20250377,2025-10-29,P01,C03,8,duplicate,138.74,False
RETURN20250378,2025-07-12,P06,C04,9,shipping_damage,95.62,True
RETURN20250379,2025-12-20,P01,C01,2,other,47.31,True
RETURN20250380,2025-10-23,P01,C05,8,shipping_damage,162.88,True
RETURN20250381,2025-10-04,P05,C04,17,shipping_damage,203.23,False
RETURN20250382,2025-07-19,P03,C06,17,shipping_damage,809.32,False
RETURN20250383,2025-10-26,P03,C04,6,shipping_damage,319.96,False
RETURN20250384,2025-06-18,P06,C06,19,other,199.09,True
RETURN20250385,2025-10-31,P01,C02,5,other,121.44,True
RETURN20250386,2025-03-12,P03,C05,18,other,941.13,False
RETURN20250387,2025-02-11,P04,C01,11,other,354.47,False
RETURN20250388,2025-06-18,P01,C03,7,changed_mind,193.57,False
RETURN20250389,2025-09-25,P01,C01,6,quality_issue,126.95,False
RETURN20250390,2025-08-11,P05,C01,3,other,78.29,False
RETURN20250391,2025-10-03,P01,C03,11,quality_issue,373.47,True
RETURN20250392,2025-02-23,P04,C04,19,shipping_damage,440.93,False
RETURN20250393,2025-08-05,P05,C02,8,shipping_damage,95.12,False
RETURN20250394,2025-09-16,P05,C01,15,quality_issue,363.3,False
RETURN20250395,2025-04-10,P02,C06,13,quality_issue,222.69,True
RETURN20250396,2025-10-27,P01,C01,8,other,158.41,False
RETURN20250397,2025-06-07,P02,C06,11,changed_mind,370.66,True
RETURN20250398,2025-10-21,P01,C06,17,other,573.44,True
RETURN20250399,2025-01-22,P03,C03,2,shipping_damage,64.66,False
RETURN20250400,2025-04-16,P04,C01,11,other,447.09,False
RETURN20250401,2025-07-25,P02,C04,3,shipping_damage,82.44,False
RETURN20250402,2025-10-18,P02,C02,12,other,197.28,True
RETURN20250403,2025-11-17,P03,C05,11,duplicate,307.69,False
RETURN20250404,2025-08-19,P06,C02,3,duplicate,65.3,True
RETURN20250405,2025-10-27,P04,C05,6,quality_issue,139.48,False
RETURN20250406,2025-05-07,P04,C06,20,changed_mind,891.85,True
RETURN20250407,2025-08-30,P04,C02,15,changed_mind,530.65,False
RETURN20250408,2025-11-29,P04,C04,1,changed_mind,29.58,True
RETURN20250409,2025-07-13,P03,C03,3,duplicate,79.86,True
RETURN20250410,2025-11-16,P06,C04,11,changed_mind,157.07,False
RETURN20250411,2025-07-29,P03,C01,12,quality_issue,382.74,True
RETURN20250412,2025-03-11,P04,C02,1,duplicate,33.16,False
RETURN20250413,2025-03-10,P05,C01,9,shipping_damage,157.68,True
RETURN20250414,2025-10-31,P03,C02,1,other,52.48,False
RETURN20250415,2025-09-11,P04,C03,20,quality_issue,818.53,True
RETURN20250416,2025-09-16,P05,C03,20,shipping_damage,477.53,False
RETURN20250417,2025-02-27,P06,C02,11,duplicate,121.3,False
RETURN20250418,2025-03-05,P04,C03,7,duplicate,303.71,True
RETURN20250419,2025-02-24,P04,C03,2,changed_mind,76.43,True
RETURN20250420,2025-09-17,P04,C02,18,shipping_damage,953.56,True
RETURN20250421,2025-04-30,P02,C04,10,duplicate,169.57,False
RETURN20250422,2025-02-18,P02,C06,1,other,40.55,False
RETURN20250423,2025-04-09,P05,C06,14,changed_mind,284.05,False
RETURN20250424,2025-03-10,P03,C03,6,shipping_damage,162.19,True
RETURN20250425,2025-04-30,P01,C05,2,shipping_damage,54.85,True
RETURN20250426,2025-01-04,P03,C03,3,duplicate,129.38,False
RETURN20250427,2025-02-21,P05,C02,6,changed_mind,133.57,True
RETURN20250428,2025-01-31,P05,C04,20,changed_mind,231.94,False
RETURN20250429,2025-10-06,P04,C01,19,other,728.87,False
RETURN20250430,2025-05-11,P05,C04,7,shipping_damage,72.03,False
RETURN20250431,2025-06-02,P02,C02,10,changed_mind,183.05,True
RETURN20250432,2025-02-25,P05,C05,2,shipping_damage,28.88,False
RETURN20250433,2025-02-20,P06,C04,7,quality_issue,71.0,False
RETURN20250434,2025-08-18,P06,C06,6,changed_mind,112.15,True
RETURN20250435,2025-11-01,P03,C02,13,duplicate,685.6,True
RETURN20250436,2025-10-20,P03,C02,14,other,356.93,False
RETURN20250437,2025-08-27,P04,C05,11,quality_issue,372.38,True
RETURN20250438,2025-06-20,P05,C01,1,changed_mind,20.86,True
RETURN20250439,2025-04-08,P01,C06,15,quality_issue,248.42,False
RETURN20250440,2025-10-17,P01,C06,17,quality_issue,530.39,False
RETURN20250441,2025-03-14,P02,C01,1,shipping_damage,25.51,False
RETURN20250442,2025-07-28,P01,C04,4,other,142.7,True
RETURN20250443,2025-08-31,P01,C04,9,duplicate,141.38,True
RETURN20250444,2025-04-26,P03,C03,5,changed_mind,120.07,False
RETURN20250445,2025-01-08,P02,C03,6,other,129.19,True
RETURN20250446,2025-03-14,P06,C06,1,shipping_damage,20.3,False
RETURN20250447,2025-08-31,P02,C04,20,changed_mind,484.69,False
RETURN20250448,2025-06-11,P01,C02,5,quality_issue,155.49,False
RETURN20250449,2025-10-13,P01,C06,5,shipping_damage,170.17,False
RETURN20250450,2025-10-27,P05,C03,4,changed_mind,44.66,True
RETURN20250451,2025-06-13,P05,C05,3,duplicate,51.78,False
RETURN20250452,2025-12-26,P03,C06,20,duplicate,671.19,False
RETURN20250453,2025-09-21,P06,C04,5,duplicate,112.13,True
RETURN20250454,2025-09-14,P05,C03,10,quality_issue,178.43,True
RETURN20250455,2025-08-13,P06,C05,3,quality_issue,57.28,False
RETURN20250456,2025-05-30,P05,C05,5,shipping_damage,47.81,False
RETURN20250457,2025-10-20,P06,C06,17,changed_mind,272.88,True
RETURN20250458,2025-04-12,P03,C02,9,other,348.12,False
RETURN20250459,2025-01-21,P05,C02,4,other,61.85,False
RETURN20250460,2025-08-10,P02,C02,1,changed_mind,19.59,False
RETURN20250461,2025-12-18,P06,C02,1,shipping_damage,8.69,True
RETURN20250462,2025-04-22,P01,C01,1,other,22.06,False
RETURN20250463,2025-07-26,P04,C02,19,quality_issue,360.78,True
RETURN20250464,2025-03-04,P03,C01,13,quality_issue,601.27,True
RETURN20250465,2025-07-16,P05,C06,5,changed_mind,110.8,True
RETURN20250466,2025-08-22,P06,C05,18,other,386.86,True
RETURN20250467,2025-07-18,P01,C05,11,quality_issue,407.24,False
RETURN20250468,2025-09-03,P03,C04,8,quality_issue,408.95,False
RETURN20250469,2025-12-17,P02,C02,14,quality_issue,449.13,True
RETURN20250470,2025-08-17,P01,C01,17,shipping_damage,316.74,False
RETURN20250471,2025-12-22,P03,C03,17,other,912.56,False
RETURN20250472,2025-03-18,P01,C02,9,quality_issue,159.53,True
RETURN20250473,2025-06-15,P02,C03,14,duplicate,332.68,False
RETURN20250474,2025-05-26,P05,C06,9,duplicate,162.9,True
RETURN20250475,2025-02-18,P01,C05,5,quality_issue,168.02,True
RETURN20250476,2025-12-19,P05,C02,5,other,87.37,False
RETURN20250477,2025-01-01,P02,C04,5,shipping_damage,131.01,True
RETURN20250478,2025-09-12,P03,C06,11,duplicate,364.02,False
RETURN20250479,2025-11-23,P02,C04,10,changed_mind,231.05,False
RETURN20250480,2025-01-09,P01,C03,3,quality_issue,111.28,True
RETURN20250481,2025-10-10,P06,C03,4,duplicate,92.43,True
RETURN20250482,2025-11-20,P03,C03,19,duplicate,453.81,True
RETURN20250483,2025-02-01,P04,C05,6,shipping_damage,198.36,True
RETURN20250484,2025-01-28,P01,C02,18,changed_mind,451.59,True
RETURN20250485,2025-02-15,P06,C06,6,changed_mind,97.98,False
RETURN20250486,2025-02-05,P03,C01,5,shipping_damage,259.17,False
RETURN20250487,2025-01-06,P04,C06,14,shipping_damage,388.75,False
RETURN20250488,2025-06-09,P04,C06,2,shipping_damage,93.72,True
RETURN20250489,2025-08-14,P04,C02,10,quality_issue,235.63,True
RETURN20250490,2025-06-20,P02,C01,12,changed_mind,492.59,False
RETURN20250491,2025-09-09,P02,C03,8,duplicate,139.14,False
RETURN20250492,2025-10-01,P02,C02,11,changed_mind,432.93,True
RETURN20250493,2025-07-21,P04,C01,17,duplicate,739.91,False
RETURN20250494,2025-06-29,P06,C04,5,shipping_damage,126.16,False
RETURN20250495,2025-07-29,P05,C04,17,shipping_damage,410.12,False
RETURN20250496,2025-08-31,P04,C01,6,changed_mind,199.97,True
RETURN20250497,2025-07-31,P01,C05,10,duplicate,398.32,True
RETURN20250498,2025-03-06,P02,C03,9,shipping_damage,164.05,False
RETURN20250499,2025-07-13,P05,C02,4,shipping_damage,83.82,False
RETURN20250500,2025-05-10,P05,C06,12,shipping_damage,213.02,True
RETURN20250501,2025-01-09,P04,C06,9,quality_issue,444.93,True
RETURN20250502,2025-12-10,P06,C05,16,other,288.82,True
RETURN20250503,2025-08-26,P02,C01,14,changed_mind,326.12,False
RETURN20250504,2025-09-14,P05,C02,3,shipping_damage,58.0,False
RETURN20250505,2025-10-02,P01,C04,13,quality_issue,293.02,True
RETURN20250506,2025-02-21,P01,C02,3,shipping_damage,63.68,False
RETURN20250507,2025-02-12,P06,C02,8,quality_issue,166.99,True
RETURN20250508,2025-06-09,P05,C06,17,changed_mind,297.43,True
RETURN20250509,2025-11-25,P05,C04,2,changed_mind,27.14,True
RETURN20250510,2025-02-23,P05,C04,18,other,374.25,True
RETURN20250511,2025-02-11,P01,C03,2,changed_mind,48.82,False
RETURN20250512,2025-03-01,P02,C01,16,other,627.09,False
RETURN20250513,2025-01-24,P06,C01,13,changed_mind,283.31,False
RETURN20250514,2025-12-17,P06,C05,2,shipping_damage,21.7,False
RETURN20250515,2025-11-22,P04,C05,11,quality_issue,495.11,True
RETURN20250516,2025-04-16,P04,C03,8,changed_mind,345.01,True
RETURN20250517,2025-08-30,P02,C05,17,duplicate,518.59,True
RETURN20250518,2025-08-30,P02,C04,20,changed_mind,589.88,False
RETURN20250519,2025-02-24,P04,C01,18,quality_issue,879.41,False
RETURN20250520,2025-03-21,P02,C02,20,other,696.82,False
RETURN20250521,2025-05-09,P04,C04,4,duplicate,129.06,True
RETURN20250522,2025-01-21,P04,C04,18,quality_issue,515.28,False
RETURN20250523,2025-10-08,P01,C06,18,shipping_damage,466.58,True
RETURN20250524,2025-01-08,P02,C06,9,shipping_damage,193.96,True
RETURN20250525,2025-04-20,P04,C02,6,quality_issue,221.93,True
RETURN20250526,2025-07-16,P05,C06,13,duplicate,182.89,False
RETURN20250527,2025-01-11,P04,C04,12,other,482.47,True
RETURN20250528,2025-10-23,P03,C06,5,quality_issue,226.83,False
RETURN20250529,2025-06-02,P02,C04,3,quality_issue,58.0,False
RETURN20250530,2025-01-24,P06,C05,9,changed_mind,127.36,True
RETURN20250531,2025-12-26,P06,C06,4,changed_mind,71.77,False
RETURN20250532,2025-10-05,P03,C05,3,quality_issue,94.47,True
RETURN20250533,2025-08-06,P05,C01,1,changed_mind,10.09,True
RETURN20250534,2025-07-08,P01,C04,16,other,663.46,False
RETURN20250535,2025-07-26,P06,C02,8,other,179.87,True
RETURN20250536,2025-06-08,P05,C01,3,quality_issue,62.16,False
RETURN20250537,2025-09-13,P04,C03,5,other,236.25,True
RETURN20250538,2025-06-13,P04,C02,18,quality_issue,437.83,True
RETURN20250539,2025-08-18,P04,C03,4,other,122.98,False
RETURN20250540,2025-09-17,P01,C03,12,duplicate,415.17,True
RETURN20250541,2025-12-10,P05,C04,6,duplicate,56.87,False
RETURN20250542,2025-05-30,P04,C06,12,duplicate,592.86,False
RETURN20250543,2025-03-14,P01,C03,3,quality_issue,78.61,True
RETURN20250544,2025-09-14,P04,C01,12,shipping_damage,541.91,False
RETURN20250545,2025-09-30,P06,C02,16,quality_issue,200.73,False
RETURN20250546,2025-06-12,P03,C02,17,changed_mind,845.72,False
RETURN20250547,2025-02-07,P03,C05,11,changed_mind,416.67,True
RETURN20250548,2025-10-16,P02,C03,9,duplicate,320.07,False
RETURN20250549,2025-03-17,P04,C02,18,shipping_damage,984.15,False
RETURN20250550,2025-08-02,P04,C03,5,duplicate,197.5,True
RETURN20250551,2025-09-02,P01,C06,7,changed_mind,252.68,False
RETURN20250552,2025-09-01,P04,C06,5,changed_mind,135.59,False
RETURN20250553,2025-09-16,P04,C05,2,quality_issue,93.59,False
RETURN20250554,2025-10-30,P06,C02,6,shipping_damage,112.28,True
RETURN20250555,2025-05-13,P01,C03,1,other,35.58,False
RETURN20250556,2025-04-13,P05,C04,3,shipping_damage,63.45,False
RETURN20250557,2025-08-08,P03,C01,11,shipping_damage,386.3,True
RETURN20250558,2025-08-31,P05,C05,15,shipping_damage,229.45,True
RETURN20250559,2025-08-12,P01,C05,1,other,20.37,True
RETURN20250560,2025-09-02,P02,C04,5,changed_mind,101.5,True
RETURN20250561,2025-03-31,P06,C02,16,quality_issue,314.63,False
RETURN20250562,2025-11-30,P04,C04,20,duplicate,445.68,True
RETURN20250563,2025-01-30,P03,C02,20,shipping_damage,568.85,False
RETURN20250564,2025-10-10,P04,C05,18,shipping_damage,451.01,True
RETURN20250565,2025-08-06,P05,C01,7,changed_mind,90.77,True
RETURN20250566,2025-07-31,P05,C05,1,shipping_damage,11.68,False
RETURN20250567,2025-05-18,P04,C01,2,quality_issue,98.66,False
RETURN20250568,2025-08-26,P01,C02,3,changed_mind,76.84,True
RETURN20250569,2025-06-25,P06,C01,2,changed_mind,23.06,False
RETURN20250570,2025-08-23,P02,C03,9,changed_mind,334.76,False
RETURN20250571,2025-03-23,P05,C03,15,changed_mind,363.44,True
RETURN20250572,2025-10-04,P02,C05,2,shipping_damage,47.34,True
RETURN20250573,2025-06-29,P05,C06,20,other,318.75,True
RETURN20250574,2025-11-06,P02,C02,15,duplicate,319.53,True
RETURN20250575,2025-03-23,P05,C01,13,quality_issue,178.7,False
RETURN20250576,2025-01-31,P02,C04,14,shipping_damage,518.38,False
RETURN20250577,2025-03-27,P05,C06,10,changed_mind,186.93,False
RETURN20250578,2025-11-16,P06,C06,19,duplicate,364.4,False
RETURN20250579,2025-06-04,P01,C04,16,duplicate,635.6,True
RETURN20250580,2025-03-28,P01,C05,1,quality_issue,30.08,True
RETURN20250581,2025-11-01,P01,C02,6,shipping_damage,217.67,False
RETURN20250582,2025-05-02,P05,C01,9,other,210.09,True
RETURN20250583,2025-03-30,P02,C03,7,changed_mind,105.82,True
RETURN20250584,2025-05-06,P03,C01,2,shipping_damage,103.72,False
RETURN20250585,2025-06-26,P01,C01,20,changed_mind,855.63,False
RETURN20250586,2025-06-18,P06,C06,2,duplicate,33.21,False
RETURN20250587,2025-12-22,P02,C05,7,changed_mind,153.1,True
RETURN20250588,2025-05-31,P02,C04,6,changed_mind,97.4,True
RETURN20250589,2025-06-27,P05,C06,18,changed_mind,231.73,False
RETURN20250590,2025-05-19,P01,C02,19,shipping_damage,584.98,False
RETURN20250591,2025-06-10,P05,C05,20,quality_issue,215.57,True
RETURN20250592,2025-09-12,P04,C02,3,shipping_damage,121.16,False
RETURN20250593,2025-03-23,P01,C01,13,shipping_damage,377.59,True
RETURN20250594,2025-08-18,P03,C05,4,changed_mind,149.87,True
RETURN20250595,2025-12-26,P02,C01,16,duplicate,298.0,False
RETURN20250596,2025-05-21,P04,C03,5,other,216.83,False
RETURN20250597,2025-05-09,P04,C01,5,other,182.06,False
RETURN20250598,2025-04-28,P01,C01,19,other,726.77,False
RETURN20250599,2025-03-12,P03,C01,7,quality_issue,160.2,True
RETURN20250600,2025-06-19,P03,C01,11,changed_mind,493.55,True
RETURN20250601,2025-02-21,P05,C06,4,quality_issue,69.5,False
RETURN20250602,2025-09-06,P05,C04,5,other,121.38,False
RETURN20250603,2025-12-21,P06,C03,5,quality_issue,76.26,True
RETURN20250604,2025-12-29,P03,C06,11,other,588.92,True
RETURN20250605,2025-01-04,P03,C05,16,duplicate,645.93,False
RETURN20250606,2025-10-22,P02,C02,8,other,262.67,False
RETURN20250607,2025-07-01,P01,C03,20,changed_mind,511.67,False
RETURN20250608,2025-08-10,P03,C01,17,other,842.53,False
RETURN20250609,2025-09-27,P05,C02,18,shipping_damage,354.05,False
RETURN20250610,2025-03-11,P04,C02,1,shipping_damage,35.68,True
RETURN20250611,2025-12-04,P05,C02,12,changed_mind,273.19,False
RETURN20250612,2025-07-11,P01,C05,13,changed_mind,234.42,False
RETURN20250613,2025-01-05,P01,C05,6,duplicate,111.78,False
RETURN20250614,2025-08-17,P02,C05,14,shipping_damage,510.32,True
RETURN20250615,2025-02-16,P02,C02,8,quality_issue,202.1,True
RETURN20250616,2025-11-01,P01,C01,20,duplicate,517.21,False
RETURN20250617,2025-01-21,P02,C04,13,shipping_damage,438.61,True
RETURN20250618,2025-10-25,P03,C04,7,duplicate,348.49,True
RETURN20250619,2025-01-10,P06,C02,20,quality_issue,319.82,True
RETURN20250620,2025-07-09,P02,C05,20,changed_mind,440.99,False
RETURN20250621,2025-02-17,P01,C05,8,quality_issue,252.82,False
RETURN20250622,2025-01-11,P05,C02,15,quality_issue,223.02,False
RETURN20250623,2025-07-24,P01,C06,14,quality_issue,400.7,False
RETURN20250624,2025-03-08,P04,C03,7,shipping_damage,151.88,False
RETURN20250625,2025-04-27,P04,C02,7,quality_issue,238.14,False
RETURN20250626,2025-12-04,P02,C02,4,changed_mind,137.01,True
RETURN20250627,2025-01-07,P06,C05,9,quality_issue,200.43,False
RETURN20250628,2025-03-12,P02,C06,4,shipping_damage,154.0,False
RETURN20250629,2025-03-01,P06,C02,15,duplicate,262.75,False
RETURN20250630,2025-09-25,P03,C04,14,quality_issue,571.14,True
RETURN20250631,2025-05-09,P05,C03,6,quality_issue,141.32,False
RETURN20250632,2025-02-05,P04,C03,11,other,359.64,True
RETURN20250633,2025-09-11,P05,C05,19,shipping_damage,374.46,True
RETURN20250634,2025-03-28,P03,C05,8,shipping_damage,401.52,True
RETURN20250635,2025-09-12,P02,C02,9,shipping_damage,319.64,False
RETURN20250636,2025-10-21,P03,C04,19,quality_issue,566.23,False
RETURN20250637,2025-10-02,P03,C06,8,changed_mind,294.01,True
RETURN20250638,2025-05-24,P06,C04,6,duplicate,111.86,False
RETURN20250639,2025-02-02,P06,C01,1,changed_mind,16.69,False
RETURN20250640,2025-11-17,P03,C04,9,duplicate,412.84,True
RETURN20250641,2025-06-14,P05,C05,1,quality_issue,20.42,True
RETURN20250642,2025-09-02,P05,C01,9,quality_issue,136.45,False
RETURN20250643,2025-02-18,P03,C02,15,other,478.86,True
RETURN20250644,2025-08-23,P01,C04,13,duplicate,429.79,False
RETURN20250645,2025-08-01,P03,C04,15,duplicate,696.59,False
RETURN20250646,2025-10-11,P01,C03,10,quality_issue,301.2,True
RETURN20250647,2025-01-31,P02,C04,16,changed_mind,536.25,True
RETURN20250648,2025-01-06,P05,C03,11,duplicate,202.27,False
RETURN20250649,2025-01-11,P03,C02,12,duplicate,276.21,True
RETURN20250650,2025-04-27,P06,C02,15,duplicate,253.6,True
RETURN20250651,2025-04-19,P01,C04,16,changed_mind,256.05,False
RETURN20250652,2025-08-30,P06,C01,18,changed_mind,388.37,False
RETURN20250653,2025-07-30,P04,C05,9,other,199.68,False
RETURN20250654,2025-09-18,P06,C05,14,other,273.52,True
RETURN20250655,2025-07-18,P04,C02,19,shipping_damage,815.6,True
RETURN20250656,2025-12-23,P05,C06,20,other,471.7,False
RETURN20250657,2025-01-13,P06,C03,11,shipping_damage,204.95,True
RETURN20250658,2025-03-02,P06,C04,2,other,28.98,True
RETURN20250659,2025-10-07,P04,C06,15,duplicate,373.74,True
RETURN20250660,2025-02-05,P04,C02,19,quality_issue,756.77,True
RETURN20250661,2025-09-18,P05,C01,19,changed_mind,356.91,True
RETURN20250662,2025-08-03,P06,C03,7,changed_mind,116.79,False
RETURN20250663,2025-01-04,P05,C04,10,changed_mind,166.46,False
RETURN20250664,2025-03-22,P01,C02,19,changed_mind,752.09,True
RETURN20250665,2025-12-12,P02,C03,10,other,351.93,True
RETURN20250666,2025-05-25,P03,C05,20,duplicate,508.2,False
RETURN20250667,2025-11-03,P02,C01,20,other,528.12,True
RETURN20250668,2025-07-08,P03,C05,17,shipping_damage,487.99,False
RETURN20250669,2025-12-04,P02,C01,5,quality_issue,147.81,True
RETURN20250670,2025-08-01,P04,C05,1,duplicate,51.82,False
RETURN20250671,2025-12-06,P02,C06,4,other,120.02,True
RETURN20250672,2025-02-22,P04,C06,9,other,502.88,True
RETURN20250673,2025-12-01,P05,C01,11,duplicate,220.54,True
RETURN20250674,2025-09-01,P01,C05,5,shipping_damage,78.89,True
RETURN20250675,2025-04-15,P01,C05,18,quality_issue,429.88,False
RETURN20250676,2025-03-18,P05,C02,20,other,273.09,False
RETURN20250677,2025-06-03,P05,C03,1,quality_issue,17.68,False
RETURN20250678,2025-10-17,P02,C06,15,quality_issue,272.87,True
RETURN20250679,2025-08-05,P05,C06,4,duplicate,98.66,True
RETURN20250680,2025-08-30,P04,C04,5,quality_issue,174.19,True
RETURN20250681,2025-05-03,P05,C01,15,changed_mind,353.07,False
RETURN20250682,2025-04-10,P06,C03,9,shipping_damage,179.17,False
RETURN20250683,2025-11-19,P06,C02,9,other,165.73,False
RETURN20250684,2025-01-04,P01,C02,1,shipping_damage,36.92,True
RETURN20250685,2025-06-02,P02,C06,12,other,183.74,True
RETURN20250686,2025-03-21,P02,C04,12,changed_mind,344.43,False
RETURN20250687,2025-10-19,P04,C04,2,duplicate,80.98,False
RETURN20250688,2025-01-01,P02,C03,8,changed_mind,295.78,False
RETURN20250689,2025-01-22,P03,C03,8,duplicate,263.38,True
RETURN20250690,2025-12-25,P05,C04,12,shipping_damage,262.65,True
RETURN20250691,2025-07-24,P06,C03,17,quality_issue,243.06,False
RETURN20250692,2025-09-13,P02,C05,12,duplicate,304.26,True
RETURN20250693,2025-03-07,P02,C04,2,duplicate,61.72,False
RETURN20250694,2025-05-26,P05,C01,5,shipping_damage,92.12,False
RETURN20250695,2025-12-08,P02,C02,2,changed_mind,68.96,False
RETURN20250696,2025-04-05,P02,C04,19,quality_issue,502.45,False
RETURN20250697,2025-02-07,P04,C05,19,changed_mind,949.96,False
RETURN20250698,2025-11-09,P05,C05,5,other,114.66,True
RETURN20250699,2025-04-21,P03,C05,16,duplicate,734.32,False
RETURN20250700,2025-12-30,P04,C04,20,duplicate,391.8,True
RETURN20250701,2025-05-07,P03,C05,6,shipping_damage,301.99,True
RETURN20250702,2025-02-18,P03,C02,20,changed_mind,1172.78,True
RETURN20250703,2025-03-21,P02,C04,1,quality_issue,21.15,True
RETURN20250704,2025-12-01,P06,C06,15,changed_mind,348.94,True
RETURN20250705,2025-06-06,P06,C06,8,shipping_damage,169.58,True
RETURN20250706,2025-04-22,P03,C01,1,other,38.14,True
RETURN20250707,2025-11-22,P05,C04,5,other,83.73,False
RETURN20250708,2025-12-10,P04,C03,6,changed_mind,192.53,True
RETURN20250709,2025-06-18,P05,C06,5,changed_mind,61.51,True
RETURN20250710,2025-01-16,P05,C04,14,quality_issue,273.25,False
RETURN20250711,2025-10-14,P05,C04,5,other,135.12,True
RETURN20250712,2025-11-29,P03,C04,18,quality_issue,422.72,False
RETURN20250713,2025-05-06,P06,C01,15,duplicate,159.92,False
RETURN20250714,2025-10-20,P03,C04,5,shipping_damage,281.99,True
RETURN20250715,2025-06-08,P02,C03,16,changed_mind,366.86,True
RETURN20250716,2025-12-03,P02,C04,20,duplicate,352.41,True
RETURN20250717,2025-09-12,P04,C04,7,quality_issue,269.34,False
RETURN20250718,2025-02-01,P02,C04,3,changed_mind,129.67,True
RETURN20250719,2025-12-22,P03,C05,19,quality_issue,853.47,False
RETURN20250720,2025-04-10,P02,C04,2,changed_mind,69.45,False
RETURN20250721,2025-05-21,P04,C03,18,shipping_damage,686.25,True
RETURN20250722,2025-08-16,P06,C05,14,changed_mind,204.55,True
RETURN20250723,2025-01-03,P06,C04,14,other,134.8,False
RETURN20250724,2025-11-19,P01,C06,18,shipping_damage,332.29,True
RETURN20250725,2025-12-03,P02,C05,19,shipping_damage,460.13,True
RETURN20250726,2025-05-11,P01,C05,3,shipping_damage,84.12,False
RETURN20250727,2025-06-27,P05,C06,3,quality_issue,46.81,False
RETURN20250728,2025-05-14,P03,C06,20,shipping_damage,614.65,True
RETURN20250729,2025-07-23,P01,C06,16,quality_issue,276.9,True
RETURN20250730,2025-10-28,P02,C01,10,shipping_damage,181.46,False
RETURN20250731,2025-01-10,P02,C05,18,quality_issue,617.02,True
RETURN20250732,2025-12-15,P02,C05,13,changed_mind,456.62,True
RETURN20250733,2025-05-03,P05,C03,18,shipping_damage,362.1,True
RETURN20250734,2025-12-04,P04,C05,18,duplicate,510.95,False
RETURN20250735,2025-02-16,P04,C03,14,changed_mind,730.18,True
RETURN20250736,2025-06-25,P06,C04,5,changed_mind,84.24,False
RETURN20250737,2025-06-03,P03,C01,17,quality_issue,926.64,False
RETURN20250738,2025-09-07,P01,C05,20,quality_issue,605.16,True
RETURN20250739,2025-12-14,P06,C01,20,quality_issue,352.93,False
RETURN20250740,2025-04-24,P01,C01,7,changed_mind,255.76,False
RETURN20250741,2025-02-21,P01,C03,18,shipping_damage,498.86,False
RETURN20250742,2025-03-25,P04,C02,6,quality_issue,252.2,False
RETURN20250743,2025-01-17,P03,C04,6,shipping_damage,170.39,False
RETURN20250744,2025-12-14,P01,C04,16,shipping_damage,571.76,False
RETURN20250745,2025-09-03,P06,C06,2,changed_mind,48.46,True
RETURN20250746,2025-02-10,P04,C01,10,quality_issue,474.91,False
RETURN20250747,2025-05-05,P05,C03,14,duplicate,342.38,False
RETURN20250748,2025-03-09,P04,C02,8,other,257.2,True
RETURN20250749,2025-07-06,P02,C01,5,quality_issue,184.61,False
RETURN20250750,2025-01-09,P02,C03,16,duplicate,270.42,False
RETURN20250751,2025-09-22,P04,C01,11,quality_issue,404.81,True
RETURN20250752,2025-07-22,P04,C02,14,shipping_damage,327.94,True
RETURN20250753,2025-11-28,P06,C04,9,other,163.63,True
RETURN20250754,2025-01-06,P02,C05,2,changed_mind,35.22,True
RETURN20250755,2025-11-24,P01,C02,12,other,239.77,True
RETURN20250756,2025-12-19,P02,C04,12,other,308.67,True
RETURN20250757,2025-10-22,P06,C02,13,other,231.26,False
RETURN20250758,2025-01-23,P02,C04,12,duplicate,523.68,False
RETURN20250759,2025-05-12,P03,C06,19,quality_issue,704.45,False
RETURN20250760,2025-12-22,P03,C03,8,quality_issue,343.54,True
RETURN20250761,2025-10-08,P05,C04,12,other,161.81,False
RETURN20250762,2025-06-19,P04,C04,6,other,306.41,False
RETURN20250763,2025-03-18,P01,C04,20,shipping_damage,648.93,False
RETURN20250764,2025-01-07,P02,C04,4,changed_mind,101.45,False
RETURN20250765,2025-01-16,P04,C01,10,changed_mind,458.61,False
RETURN20250766,2025-01-09,P02,C02,12,quality_issue,322.52,False
RETURN20250767,2025-01-14,P01,C03,7,quality_issue,188.77,True
RETURN20250768,2025-08-05,P04,C01,11,shipping_damage,416.39,True
RETURN20250769,2025-07-11,P02,C02,9,changed_mind,191.8,False
RETURN20250770,2025-06-07,P04,C05,9,duplicate,439.04,False
RETURN20250771,2025-04-20,P01,C06,11,duplicate,338.06,False
RETURN20250772,2025-08-24,P01,C05,3,other,97.57,False
RETURN20250773,2025-08-11,P06,C03,13,duplicate,182.76,True
RETURN20250774,2025-10-11,P02,C02,11,duplicate,260.09,False
RETURN20250775,2025-07-22,P05,C01,12,quality_issue,276.68,True
RETURN20250776,2025-12-22,P04,C04,3,changed_mind,150.26,True
RETURN20250777,2025-10-16,P02,C02,1,duplicate,29.18,True
RETURN20250778,2025-04-08,P02,C06,20,changed_mind,756.63,True
RETURN20250779,2025-04-18,P05,C04,10,changed_mind,226.45,True
RETURN20250780,2025-06-14,P02,C02,13,duplicate,362.05,True
RETURN20250781,2025-05-13,P02,C04,16,other,697.77,True
RETURN20250782,2025-04-25,P06,C05,11,quality_issue,124.19,True
RETURN20250783,2025-01-12,P05,C01,9,quality_issue,100.66,True
RETURN20250784,2025-04-27,P02,C05,9,changed_mind,353.66,False
RETURN20250785,2025-12-04,P01,C05,19,other,290.72,False
RETURN20250786,2025-06-19,P03,C01,11,shipping_damage,316.1,False
RETURN20250787,2025-01-30,P04,C03,14,other,591.96,True
RETURN20250788,2025-10-10,P02,C01,1,duplicate,32.83,True
RETURN20250789,2025-04-20,P06,C02,6,duplicate,149.94,True
RETURN20250790,2025-03-07,P04,C04,15,changed_mind,782.68,False
RETURN20250791,2025-09-17,P06,C01,13,shipping_damage,252.16,True
RETURN20250792,2025-08-15,P01,C02,18,changed_mind,428.02,True
RETURN20250793,2025-06-21,P05,C03,6,shipping_damage,73.24,False
RETURN20250794,2025-02-13,P06,C01,16,shipping_damage,334.44,True
RETURN20250795,2025-09-11,P03,C01,14,shipping_damage,570.02,False
RETURN20250796,2025-08-21,P04,C02,12,quality_issue,598.61,False
RETURN20250797,2025-03-23,P01,C01,8,changed_mind,292.52,False
RETURN20250798,2025-11-21,P04,C03,14,shipping_damage,586.4,False
RETURN20250799,2025-06-11,P05,C04,19,other,442.16,False
RETURN20250800,2025-10-22,P05,C06,9,other,216.46,False
RETURN20250801,2025-11-03,P06,C05,14,other,281.16,False
RETURN20250802,2025-01-08,P03,C05,7,duplicate,330.71,False
RETURN20250803,2025-06-01,P02,C02,5,other,118.04,False
RETURN20250804,2025-02-21,P02,C01,6,other,214.34,True
RETURN20250805,2025-12-05,P01,C03,20,shipping_damage,396.38,True
RETURN20250806,2025-01-03,P06,C01,6,duplicate,124.15,True
RETURN20250807,2025-03-12,P02,C05,17,shipping_damage,714.71,False
RETURN20250808,2025-03-30,P06,C02,11,duplicate,215.81,False
RETURN20250809,2025-02-02,P05,C05,17,changed_mind,205.8,False
RETURN20250810,2025-01-30,P03,C06,18,shipping_damage,486.49,True
RETURN20250811,2025-07-16,P06,C01,7,shipping_damage,127.25,False
RETURN20250812,2025-07-25,P03,C04,19,shipping_damage,710.83,False
RETURN20250813,2025-09-21,P04,C06,15,other,721.24,False
RETURN20250814,2025-04-09,P06,C05,8,other,189.86,False
RETURN20250815,2025-03-20,P02,C04,4,other,63.01,True
RETURN20250816,2025-08-02,P01,C04,13,quality_issue,306.67,False
RETURN20250817,2025-06-13,P06,C04,17,shipping_damage,230.91,False
RETURN20250818,2025-06-15,P03,C03,16,changed_mind,491.05,False
RETURN20250819,2025-05-21,P01,C01,2,duplicate,45.81,False
RETURN20250820,2025-09-29,P02,C03,2,duplicate,50.12,False
RETURN20250821,2025-06-16,P01,C02,6,shipping_damage,139.08,False
RETURN20250822,2025-06-01,P01,C02,7,duplicate,248.79,False
RETURN20250823,2025-01-09,P05,C02,11,quality_issue,252.24,False
RETURN20250824,2025-01-11,P02,C04,7,other,150.06,False
RETURN20250825,2025-03-20,P02,C05,14,quality_issue,468.4,False
RETURN20250826,2025-01-25,P05,C05,18,other,379.28,False
RETURN20250827,2025-02-05,P02,C03,19,duplicate,557.19,False
RETURN20250828,2025-11-02,P04,C05,16,shipping_damage,474.06,True
RETURN20250829,2025-10-12,P03,C01,7,other,219.21,True
RETURN20250830,2025-06-02,P03,C01,15,duplicate,705.93,False
RETURN20250831,2025-06-03,P05,C01,19,changed_mind,348.2,True
RETURN20250832,2025-06-22,P05,C06,18,duplicate,159.33,False
RETURN20250833,2025-05-19,P02,C06,2,quality_issue,53.09,True
RETURN20250834,2025-06-20,P05,C03,20,quality_issue,369.89,False
RETURN20250835,2025-03-20,P01,C02,4,duplicate,128.08,False
RETURN20250836,2025-05-27,P05,C04,15,shipping_damage,367.64,True
RETURN20250837,2025-12-03,P03,C01,17,shipping_damage,1082.32,True
RETURN20250838,2025-04-14,P01,C05,17,changed_mind,642.64,False
RETURN20250839,2025-11-25,P05,C04,17,shipping_damage,206.34,False
RETURN20250840,2025-03-23,P02,C06,8,duplicate,123.75,False
RETURN20250841,2025-10-08,P04,C06,20,changed_mind,760.06,False
RETURN20250842,2025-05-30,P05,C02,4,duplicate,54.94,True
RETURN20250843,2025-07-16,P04,C02,19,quality_issue,593.84,True
RETURN20250844,2025-08-28,P05,C05,5,changed_mind,115.45,False
RETURN20250845,2025-06-24,P05,C03,14,other,333.68,False
RETURN20250846,2025-03-20,P02,C02,15,changed_mind,515.88,True
RETURN20250847,2025-08-19,P05,C05,19,changed_mind,413.53,True
RETURN20250848,2025-08-30,P06,C05,2,duplicate,24.73,False
RETURN20250849,2025-10-05,P06,C06,15,other,179.02,False
RETURN20250850,2025-08-17,P05,C03,9,duplicate,136.04,False
RETURN20250851,2025-06-10,P02,C05,17,other,466.05,True
RETURN20250852,2025-08-20,P06,C02,15,shipping_damage,264.75,False
RETURN20250853,2025-09-10,P05,C01,18,shipping_damage,328.9,False
RETURN20250854,2025-03-27,P04,C05,7,other,265.86,False
RETURN20250855,2025-04-16,P05,C01,5,duplicate,88.32,True
RETURN20250856,2025-05-02,P05,C04,4,other,38.09,False
RETURN20250857,2025-02-15,P05,C05,4,other,75.23,False
RETURN20250858,2025-12-02,P01,C05,5,quality_issue,165.92,False
RETURN20250859,2025-01-04,P04,C04,20,quality_issue,400.7,True
RETURN20250860,2025-04-23,P04,C02,19,duplicate,755.96,True
RETURN20250861,2025-04-25,P03,C06,17,duplicate,819.22,False
RETURN20250862,2025-01-24,P02,C06,11,duplicate,243.51,False
RETURN20250863,2025-09-23,P06,C02,7,duplicate,61.79,False
RETURN20250864,2025-08-15,P02,C06,4,changed_mind,77.43,False
RETURN20250865,2025-06-24,P06,C01,11,quality_issue,154.79,True
RETURN20250866,2025-09-26,P04,C05,20,changed_mind,788.81,False
RETURN20250867,2025-05-15,P01,C03,12,other,266.11,True
RETURN20250868,2025-06-09,P01,C03,16,quality_issue,589.7,True
RETURN20250869,2025-11-28,P03,C01,7,duplicate,181.21,False
RETURN20250870,2025-10-01,P05,C01,2,duplicate,48.69,False
RETURN20250871,2025-11-13,P04,C05,2,changed_mind,61.04,False
RETURN20250872,2025-11-18,P03,C03,14,shipping_damage,525.52,False
RETURN20250873,2025-10-22,P03,C01,8,duplicate,417.45,False
RETURN20250874,2025-06-02,P01,C01,14,changed_mind,400.57,False
RETURN20250875,2025-04-22,P04,C05,7,shipping_damage,303.24,False
RETURN20250876,2025-07-07,P04,C06,6,changed_mind,263.75,True
RETURN20250877,2025-02-23,P05,C04,18,changed_mind,403.14,True
RETURN20250878,2025-10-17,P01,C03,18,shipping_damage,544.3,True
RETURN20250879,2025-04-27,P02,C03,3,shipping_damage,51.37,False
RETURN20250880,2025-11-17,P06,C03,18,duplicate,355.18,True
RETURN20250881,2025-08-27,P02,C03,10,duplicate,363.87,False
RETURN20250882,2025-04-01,P06,C01,12,other,179.08,False
RETURN20250883,2025-11-29,P01,C06,16,other,272.62,True
RETURN20250884,2025-08-15,P01,C03,1,changed_mind,18.44,True
RETURN20250885,2025-07-27,P05,C05,3,shipping_damage,74.58,True
RETURN20250886,2025-04-27,P03,C03,16,quality_issue,755.18,False
RETURN20250887,2025-10-15,P02,C06,16,shipping_damage,279.19,True
RETURN20250888,2025-10-30,P06,C02,18,changed_mind,412.67,True
RETURN20250889,2025-03-19,P04,C06,12,quality_issue,526.38,False
RETURN20250890,2025-12-29,P02,C01,18,duplicate,497.76,False
RETURN20250891,2025-03-05,P05,C06,13,duplicate,239.45,True
RETURN20250892,2025-01-01,P02,C03,13,shipping_damage,286.02,True
RETURN20250893,2025-03-10,P02,C02,8,other,229.17,True
RETURN20250894,2025-04-17,P06,C04,14,duplicate,229.06,True
RETURN20250895,2025-02-18,P04,C04,20,changed_mind,771.18,False
RETURN20250896,2025-07-26,P01,C03,10,changed_mind,183.59,False
RETURN20250897,2025-02-02,P04,C03,13,duplicate,710.94,True
RETURN20250898,2025-07-12,P01,C01,18,duplicate,593.96,False
RETURN20250899,2025-04-22,P01,C05,19,shipping_damage,669.83,False
RETURN20250900,2025-11-10,P06,C03,12,changed_mind,224.88,False
RETURN20250901,2025-12-17,P04,C04,9,shipping_damage,394.11,True
RETURN20250902,2025-04-21,P05,C03,1,shipping_damage,16.72,True
RETURN20250903,2025-05-19,P03,C06,9,duplicate,387.01,True
RETURN20250904,2025-10-01,P05,C02,19,duplicate,375.44,True
RETURN20250905,2025-02-03,P03,C03,9,quality_issue,316.36,False
RETURN20250906,2025-05-30,P05,C02,5,quality_issue,67.73,False
RETURN20250907,2025-09-27,P05,C04,19,changed_mind,217.46,True
RETURN20250908,2025-05-29,P01,C05,11,duplicate,288.29,False
RETURN20250909,2025-08-06,P01,C05,7,other,223.69,True
RETURN20250910,2025-01-31,P01,C06,18,changed_mind,307.33,True
RETURN20250911,2025-10-26,P01,C03,3,shipping_damage,67.6,False
RETURN20250912,2025-10-01,P04,C02,4,quality_issue,161.42,True
RETURN20250913,2025-10-08,P04,C01,2,duplicate,85.94,False
RETURN20250914,2025-08-05,P03,C02,11,quality_issue,431.05,True
RETURN20250915,2025-03-15,P04,C05,7,quality_issue,220.38,False
RETURN20250916,2025-04-02,P06,C06,7,quality_issue,61.34,True
RETURN20250917,2025-01-28,P02,C05,14,shipping_damage,596.45,True
RETURN20250918,2025-12-12,P03,C02,6,quality_issue,147.94,True
RETURN20250919,2025-01-14,P04,C04,16,shipping_damage,334.59,False
RETURN20250920,2025-10-29,P05,C02,1,duplicate,15.25,True
RETURN20250921,2025-04-16,P06,C05,5,changed_mind,60.44,True
RETURN20250922,2025-06-13,P02,C05,5,changed_mind,79.58,False
RETURN20250923,2025-03-13,P06,C01,4,other,88.22,True
RETURN20250924,2025-02-28,P02,C03,18,changed_mind,534.13,True
RETURN20250925,2025-04-27,P06,C02,12,duplicate,259.95,True
RETURN20250926,2025-04-20,P02,C02,20,duplicate,638.59,False
RETURN20250927,2025-03-06,P02,C03,6,shipping_damage,216.2,False
RETURN20250928,2025-11-09,P04,C04,1,other,35.47,False
RETURN20250929,2025-04-09,P03,C02,2,other,120.03,True
RETURN20250930,2025-08-12,P04,C06,16,changed_mind,490.67,False
RETURN20250931,2025-04-01,P05,C04,8,quality_issue,117.64,True
RETURN20250932,2025-07-16,P04,C03,11,quality_issue,329.73,False
RETURN20250933,2025-03-22,P03,C02,17,duplicate,583.18,True
RETURN20250934,2025-05-17,P04,C03,8,other,336.57,True
RETURN20250935,2025-05-28,P04,C03,13,shipping_damage,554.65,False
RETURN20250936,2025-04-17,P05,C05,14,other,241.68,False
RETURN20250937,2025-05-08,P02,C03,7,duplicate,216.17,True
RETURN20250938,2025-06-02,P01,C03,16,duplicate,536.3,False
RETURN20250939,2025-04-11,P06,C06,18,shipping_damage,253.45,False
RETURN20250940,2025-07-30,P05,C03,17,changed_mind,366.82,True
RETURN20250941,2025-07-31,P01,C04,18,other,447.59,True
RETURN20250942,2025-11-12,P05,C05,3,shipping_damage,69.77,True
RETURN20250943,2025-02-21,P04,C05,7,quality_issue,156.16,True
RETURN20250944,2025-09-12,P02,C04,5,duplicate,165.38,True
RETURN20250945,2025-02-18,P03,C05,20,duplicate,1135.98,True
RETURN20250946,2025-10-12,P02,C04,9,quality_issue,175.45,True
RETURN20250947,2025-05-27,P04,C02,19,duplicate,681.01,False
RETURN20250948,2025-11-25,P03,C02,19,changed_mind,763.3,False
RETURN20250949,2025-06-26,P04,C02,7,duplicate,179.91,False
RETURN20250950,2025-01-06,P02,C04,19,quality_issue,756.96,True
RETURN20250951,2025-04-03,P06,C04,13,other,213.97,False
RETURN20250952,2025-08-20,P06,C01,14,other,177.88,False
RETURN20250953,2025-04-23,P05,C01,2,duplicate,21.11,False
RETURN20250954,2025-10-20,P01,C01,13,changed_mind,400.37,False
RETURN20250955,2025-10-27,P01,C01,7,shipping_damage,260.0,True
RETURN20250956,2025-09-01,P06,C04,16,changed_mind,382.19,False
RETURN20250957,2025-10-01,P01,C03,2,other,74.39,False
RETURN20250958,2025-02-15,P06,C01,3,duplicate,57.48,True
RETURN20250959,2025-02-07,P03,C05,3,quality_issue,161.01,True
RETURN20250960,2025-01-13,P01,C03,6,quality_issue,121.42,False
RETURN20250961,2025-08-02,P01,C04,18,quality_issue,730.46,True
RETURN20250962,2025-05-07,P03,C02,4,changed_mind,138.5,False
RETURN20250963,2025-06-04,P05,C03,5,changed_mind,81.85,True
RETURN20250964,2025-08-06,P01,C06,16,quality_issue,439.86,True
RETURN20250965,2025-04-16,P05,C04,2,duplicate,20.74,True
RETURN20250966,2025-09-11,P01,C02,5,quality_issue,156.2,False
RETURN20250967,2025-01-09,P02,C03,15,quality_issue,310.01,True
RETURN20250968,2025-05-29,P01,C01,5,duplicate,193.7,False
RETURN20250969,2025-06-12,P02,C04,3,other,67.53,False
RETURN20250970,2025-09-01,P05,C03,16,duplicate,199.25,True
RETURN20250971,2025-05-03,P05,C01,2,duplicate,31.66,True
RETURN20250972,2025-12-03,P04,C01,19,changed_mind,605.74,True
RETURN20250973,2025-03-02,P03,C03,2,changed_mind,46.22,False
RETURN20250974,2025-04-22,P03,C01,14,duplicate,826.8,True
RETURN20250975,2025-07-18,P01,C04,18,shipping_damage,400.82,False
RETURN20250976,2025-03-31,P06,C04,10,quality_issue,118.57,False
RETURN20250977,2025-05-25,P04,C06,3,duplicate,131.71,False
RETURN20250978,2025-09-24,P05,C03,14,shipping_damage,245.5,True
RETURN20250979,2025-01-30,P01,C03,4,shipping_damage,105.12,False
RETURN20250980,2025-12-06,P04,C02,12,other,357.03,True
RETURN20250981,2025-04-05,P04,C06,3,duplicate,101.9,False
RETURN20250982,2025-07-27,P03,C01,9,quality_issue,350.04,True
RETURN20250983,2025-02-12,P03,C06,9,changed_mind,185.83,False
RETURN20250984,2025-09-18,P06,C04,6,other,88.81,True
RETURN20250985,2025-01-03,P01,C06,14,other,226.41,False
RETURN20250986,2025-02-21,P04,C02,18,duplicate,574.47,True
RETURN20250987,2025-09-14,P06,C01,4,changed_mind,42.72,True
RETURN20250988,2025-10-10,P02,C02,6,shipping_damage,97.66,False
RETURN20250989,2025-08-30,P03,C02,17,other,703.12,False
RETURN20250990,2025-01-17,P01,C03,3,other,59.08,True
RETURN20250991,2025-04-27,P03,C01,4,shipping_damage,203.87,False
RETURN20250992,2025-04-10,P03,C04,5,other,205.74,True
RETURN20250993,2025-08-12,P03,C01,12,other,765.83,False
RETURN20250994,2025-09-26,P02,C01,5,quality_issue,206.76,True
RETURN20250995,2025-06-03,P01,C05,10,shipping_damage,227.88,True
RETURN20250996,2025-11-10,P03,C02,17,quality_issue,1012.49,False
RETURN20250997,2025-05-28,P04,C05,14,shipping_damage,674.91,True
RETURN20250998,2025-10-09,P01,C02,3,other,117.7,True
RETURN20250999,2025-01-12,P04,C02,12,other,508.56,True
RETURN20251000,2025-12-11,P02,C04,18,quality_issue,609.16,True
